crim,zn,indus,chas,nox,rm,age,dis,rad,tax,ptratio,lstat,medv,predicted_price,residual,prediction_error_pct,price_segment,investment_category,crime_level,property_age,livability_score
0.00632,18.0,2.31,0,0.538,6.575,65.2,4.09,1,296,15.3,4.98,24.0,26.752639118342508,-2.7526391183425076,-11.469329659760447,Mid-Range ($15-25K),Fair Price,Low,Medium,81.9385342789598
0.02731,0.0,7.07,0,0.469,6.421,78.9,4.9671,2,242,17.8,9.14,21.6,21.492042258127707,0.10795774187229412,0.49980436051988014,Mid-Range ($15-25K),Fair Price,Low,Old,78.20963323239661
0.02729,0.0,7.07,0,0.469,7.185,61.1,4.9671,2,242,17.8,4.03,34.7,34.24703592121887,0.452964078781136,1.305371984960046,Premium ($25-35K),Fair Price,Low,Medium,78.20964222420372
0.03237,0.0,2.18,0,0.458,6.998,45.8,6.0622,3,222,18.7,2.94,33.4,34.316977811306835,-0.9169778113068361,-2.7454425488228624,Premium ($25-35K),Fair Price,Low,Medium,76.01403022534363
0.06905,0.0,2.18,0,0.458,7.147,54.2,6.0622,3,222,18.7,5.33,36.2,34.85013679860899,1.3498632013910097,3.7289038712458824,Luxury (>$35K),Fair Price,Low,Medium,75.99753925109482
0.02985,0.0,2.18,0,0.458,6.43,58.7,6.0622,3,222,18.7,5.21,28.7,27.934270478437988,0.7657295215620117,2.6680471134564865,Premium ($25-35K),Fair Price,Low,Medium,76.01516319304011
0.08829,12.5,7.87,0,0.524,6.012,66.6,5.5605,5,311,15.2,12.43,22.9,21.89417951849782,1.0058204815021803,4.392229176865416,Mid-Range ($15-25K),Fair Price,Low,Medium,83.08502782453361
0.14455,12.5,7.87,0,0.524,6.172,96.1,5.9505,5,311,15.2,19.15,27.1,23.92780259976688,3.17219740023312,11.705525462114833,Premium ($25-35K),Underpriced,Low,Old,83.05973387111926
0.21124,12.5,7.87,0,0.524,5.631,100.0,6.0821,5,311,15.2,29.93,16.5,16.369616495936615,0.13038350406338495,0.7902030549296057,Mid-Range ($15-25K),Fair Price,Low,Old,83.02975069029448
0.17004,12.5,7.87,0,0.524,6.004,85.9,6.5921,5,311,15.2,17.1,18.9,20.053052517214553,-1.1530525172145545,-6.100806969389177,Mid-Range ($15-25K),Fair Price,Low,Old,83.04827381295127
0.22489,12.5,7.87,0,0.524,6.377,94.3,6.3467,5,311,15.2,20.45,15.0,17.096409220058813,-2.0964092200588134,-13.976061467058756,Budget (<$15K),Fair Price,Low,Old,83.02361378193852
0.11747,12.5,7.87,0,0.524,6.009,82.9,6.2267,5,311,15.2,13.27,18.9,21.349726818109044,-2.4497268181090455,-12.961517556132518,Mid-Range ($15-25K),Fair Price,Low,Old,83.0719087779529
0.09378,12.5,7.87,0,0.524,5.889,39.0,5.4509,5,311,15.2,15.71,21.7,21.000588589135642,0.6994114108643572,3.223094059282752,Mid-Range ($15-25K),Fair Price,Low,Medium,83.08255957348055
0.62976,0.0,8.14,0,0.538,5.949,61.8,4.7075,4,307,21.0,8.26,20.4,20.304182875103685,0.095817124896314,0.4696917887074216,Mid-Range ($15-25K),Fair Price,Low,Medium,63.46675230587054
0.63796,0.0,8.14,0,0.538,6.096,84.5,4.4619,4,307,21.0,10.26,18.2,19.02056418010241,-0.8205641801024122,-4.5085943961671004,Mid-Range ($15-25K),Fair Price,Low,Old,63.46306566495342
0.62739,0.0,8.14,0,0.538,5.834,56.5,4.4986,4,307,21.0,8.47,19.9,20.138383107859486,-0.23838310785948735,-1.1979050646205396,Mid-Range ($15-25K),Fair Price,Low,Medium,63.46781783501366
1.05393,0.0,8.14,0,0.538,5.935,29.3,4.4986,4,307,21.0,6.58,23.1,22.14348529875975,0.956514701240252,4.140756282425333,Mid-Range ($15-25K),Fair Price,Medium,New,63.27604956467319
0.7842,0.0,8.14,0,0.538,5.99,81.7,4.2579,4,307,21.0,14.67,17.5,16.60167327577722,0.8983267242227804,5.133295566987316,Mid-Range ($15-25K),Fair Price,Low,Old,63.39731757132892
0.80271,0.0,8.14,0,0.538,5.456,36.6,3.7965,4,307,21.0,11.69,20.2,19.445282250871188,0.7547177491288117,3.7362264808357017,Mid-Range ($15-25K),Fair Price,Low,Medium,63.388995653844034
0.7258,0.0,8.14,0,0.538,5.727,69.5,3.7965,4,307,21.0,11.28,18.2,18.860097514313356,-0.6600975143133567,-3.6269094193041576,Mid-Range ($15-25K),Fair Price,Low,Medium,63.423573648104565
1.25179,0.0,8.14,0,0.538,5.57,98.1,3.7979,4,307,21.0,21.02,13.6,13.511750844184153,0.08824915581584669,0.648890851587108,Budget (<$15K),Fair Price,Medium,Old,63.187093616885015
0.85204,0.0,8.14,0,0.538,5.965,89.2,4.0123,4,307,21.0,13.83,19.6,18.83892391771665,0.7610760822833527,3.883041236139554,Mid-Range ($15-25K),Fair Price,Low,Old,63.36681736159502
1.23247,0.0,8.14,0,0.538,6.142,91.7,3.9769,4,307,21.0,18.72,15.2,16.549055543569175,-1.3490555435691753,-8.875365418218259,Mid-Range ($15-25K),Fair Price,Medium,Old,63.195779702558056
0.98843,0.0,8.14,0,0.538,5.813,100.0,4.0952,4,307,21.0,19.88,14.5,14.267012089381625,0.23298791061837498,1.6068131766784481,Budget (<$15K),Fair Price,Low,Old,63.30549773297464
0.75026,0.0,8.14,0,0.538,5.924,94.1,4.3996,4,307,21.0,16.3,15.6,15.889908887462653,-0.2899088874626532,-1.858390304247777,Mid-Range ($15-25K),Fair Price,Low,Old,63.412576668002984
0.84054,0.0,8.14,0,0.538,5.599,85.7,4.4546,4,307,21.0,16.51,13.9,15.509501535683293,-1.6095015356832931,-11.579147738728727,Budget (<$15K),Fair Price,Low,Old,63.371987650686116
0.67191,0.0,8.14,0,0.538,5.813,90.3,4.682,4,307,21.0,14.81,16.6,16.37699522053674,0.2230047794632597,1.343402285923251,Mid-Range ($15-25K),Fair Price,Low,Old,63.447802072375794
0.95577,0.0,8.14,0,0.538,6.047,88.8,4.4534,4,307,21.0,17.28,14.8,16.020989320053424,-1.2209893200534232,-8.249927838198804,Budget (<$15K),Fair Price,Low,Old,63.32018135399335
0.77299,0.0,8.14,0,0.538,6.495,94.4,4.4547,4,307,21.0,12.8,18.4,19.153521650431465,-0.7535216504314661,-4.095226361040577,Mid-Range ($15-25K),Fair Price,Low,Old,63.402357479216846
1.00245,0.0,8.14,0,0.538,6.674,87.3,4.239,4,307,21.0,11.98,21.0,21.137512303645348,-0.13751230364534806,-0.6548204935492764,Mid-Range ($15-25K),Fair Price,Medium,Old,63.29919447618706
1.13081,0.0,8.14,0,0.538,5.713,94.1,4.233,4,307,21.0,22.6,12.7,13.102487117517768,-0.40248711751776867,-3.169189901714714,Budget (<$15K),Fair Price,Medium,Old,63.24148505812333
1.35472,0.0,8.14,0,0.538,6.072,100.0,4.175,4,307,21.0,13.04,14.5,17.211934897339486,-2.7119348973394857,-18.702999291996452,Budget (<$15K),Fair Price,Medium,Old,63.140817281567934
1.38799,0.0,8.14,0,0.538,5.95,82.0,3.99,4,307,21.0,27.71,13.2,13.48989350563232,-0.2898935056323211,-2.196162921456978,Budget (<$15K),Fair Price,Medium,Old,63.12585941043222
1.15172,0.0,8.14,0,0.538,5.701,95.0,3.7872,4,307,21.0,18.35,13.1,15.885738772249875,-2.785738772249875,-21.2651814675563,Budget (<$15K),Fair Price,Medium,Old,63.23208412378465
1.61282,0.0,8.14,0,0.538,6.096,96.9,3.7598,4,307,21.0,20.34,13.5,14.052621393341497,-0.5526213933414965,-4.093491802529604,Budget (<$15K),Fair Price,Medium,Old,63.02477801074954
0.06417,0.0,5.96,0,0.499,5.933,68.2,3.3603,5,279,19.2,9.68,18.9,20.589190372057576,-1.6891903720575776,-8.937515196071839,Mid-Range ($15-25K),Fair Price,Low,Medium,71.87312437364895
0.09744,0.0,5.96,0,0.499,5.841,61.4,3.3779,5,279,19.2,11.41,20.0,20.311535640617652,-0.3115356406176524,-1.5576782030882619,Mid-Range ($15-25K),Fair Price,Low,Medium,71.85816650251323
0.08014,0.0,5.96,0,0.499,5.85,41.5,3.9342,5,279,19.2,8.77,21.0,21.360172868203783,-0.360172868203783,-1.7151088962084906,Mid-Range ($15-25K),Fair Price,Low,Medium,71.86594441566766
0.17505,0.0,5.96,0,0.499,5.966,30.2,3.8473,5,279,19.2,10.13,24.7,22.570620058316766,2.129379941683233,8.620971423818757,Mid-Range ($15-25K),Fair Price,Low,New,71.82327379500367
0.02763,75.0,2.95,0,0.428,6.595,21.8,5.4011,3,252,18.3,4.32,30.8,28.51813740766142,2.2818625923385802,7.408644780320066,Premium ($25-35K),Fair Price,Low,New,79.14460888016258
0.03359,75.0,2.95,0,0.428,7.024,15.8,5.4011,3,252,18.3,1.98,34.9,34.02683537866945,0.8731646213305453,2.5019043591133103,Premium ($25-35K),Fair Price,Low,New,79.14192932164232
0.12744,0.0,6.91,0,0.448,6.77,2.9,5.7209,3,233,17.9,4.84,26.6,28.272938682303383,-1.672938682303382,-6.289243166554067,Premium ($25-35K),Fair Price,Low,New,79.14176311020172
0.1415,0.0,6.91,0,0.448,6.169,6.6,5.7209,3,233,17.9,5.81,25.3,24.19539404316087,1.10460595683913,4.366031449957036,Premium ($25-35K),Fair Price,Low,New,79.1354418697999
0.15936,0.0,6.91,0,0.448,6.211,6.5,5.7209,3,233,17.9,7.44,24.7,24.19539404316087,0.5046059568391286,2.0429390965146905,Mid-Range ($15-25K),Fair Price,Low,New,79.12741218604626
0.12269,0.0,6.91,0,0.448,6.069,40.0,5.7209,3,233,17.9,9.55,21.2,21.732306216107858,-0.5323062161078589,-2.510878377867259,Mid-Range ($15-25K),Fair Price,Low,Medium,79.14389866439151
0.17142,0.0,6.91,0,0.448,5.682,33.8,5.1004,3,233,17.9,10.21,19.3,20.222806517952478,-0.9228065179524769,-4.781380922033559,Mid-Range ($15-25K),Fair Price,Low,New,79.12199012635595
0.18836,0.0,6.91,0,0.448,5.786,33.3,5.1004,3,233,17.9,14.15,20.0,21.339751619575253,-1.339751619575253,-6.698758097876264,Mid-Range ($15-25K),Fair Price,Low,New,79.11437406572959
0.22927,0.0,6.91,0,0.448,6.03,85.5,5.6894,3,233,17.9,18.8,16.6,18.380095537649755,-1.7800955376497534,-10.723467094275623,Mid-Range ($15-25K),Fair Price,Low,Old,79.09598132427597
0.25387,0.0,6.91,0,0.448,5.399,95.3,5.87,3,233,17.9,30.81,14.4,15.377599835262478,-0.9775998352624775,-6.788887744878316,Budget (<$15K),Fair Price,Low,Old,79.08492140152458
0.21977,0.0,6.91,0,0.448,5.602,62.0,6.0877,3,233,17.9,16.2,19.4,18.67300439207531,0.7269956079246889,3.7474000408489117,Mid-Range ($15-25K),Fair Price,Low,Medium,79.10025243265557
0.08873,21.0,5.64,0,0.439,5.963,45.7,6.8147,4,243,16.8,13.45,19.7,20.677447200575337,-0.9774472005753374,-4.961660916626078,Mid-Range ($15-25K),Fair Price,Low,Medium,83.2253606063006
0.04337,21.0,5.64,0,0.439,6.115,63.0,6.8147,4,243,16.8,9.43,20.5,21.475553800667498,-0.9755538006674982,-4.758799027646333,Mid-Range ($15-25K),Fair Price,Low,Medium,83.24575402483728
0.0536,21.0,5.64,0,0.439,6.511,21.1,6.8147,4,243,16.8,5.28,25.0,24.444932464839034,0.5550675351609655,2.220270140643862,Mid-Range ($15-25K),Fair Price,Low,New,83.241154715498
0.04981,21.0,5.64,0,0.439,5.998,21.4,6.8147,4,243,16.8,8.43,23.4,21.80295935170058,1.5970406482994193,6.824960035467605,Mid-Range ($15-25K),Fair Price,Low,New,83.24285866294628
0.0136,75.0,4.0,0,0.41,5.888,47.6,7.3197,3,469,21.1,14.8,18.9,17.531815392451207,1.3681846075487911,7.239071997612652,Mid-Range ($15-25K),Fair Price,Low,Medium,71.32585753119886
0.01311,90.0,1.22,0,0.403,7.249,21.9,8.6966,5,226,17.9,4.81,35.4,33.194274497096764,2.2057255029032348,6.23086300255151,Luxury (>$35K),Fair Price,Low,New,81.97094255335209
0.02055,85.0,0.74,0,0.41,6.383,35.7,9.1876,2,313,17.3,5.77,24.7,23.384216541249092,1.3157834587509072,5.327058537453066,Mid-Range ($15-25K),Fair Price,Low,Medium,83.4503924526945
0.01432,100.0,1.32,0,0.411,6.816,40.5,8.3248,5,256,15.1,3.95,31.6,30.932465370203563,0.6675346297964388,2.1124513601153128,Premium ($25-35K),Fair Price,Low,Medium,90.41274160129376
0.15445,25.0,5.13,0,0.453,6.145,29.2,7.8148,8,284,19.7,6.86,23.3,22.888967716775834,0.4110322832241664,1.7640870524642336,Mid-Range ($15-25K),Fair Price,Low,New,73.07629684832051
0.10328,25.0,5.13,0,0.453,5.927,47.2,6.932,8,284,19.7,9.22,19.6,20.598079270836777,-0.9980792708367758,-5.092241177738652,Mid-Range ($15-25K),Fair Price,Low,Medium,73.09930238682409
0.14932,25.0,5.13,0,0.453,5.741,66.2,7.2254,8,284,19.7,13.15,18.7,18.900413881295044,-0.20041388129504512,-1.0717319855350007,Mid-Range ($15-25K),Fair Price,Low,Medium,73.07860324684549
0.17171,25.0,5.13,0,0.453,5.966,93.4,6.8185,8,284,19.7,14.44,16.0,17.22627367231795,-1.2262736723179515,-7.664210451987197,Mid-Range ($15-25K),Fair Price,Low,Old,73.06853691878031
0.11027,25.0,5.13,0,0.453,6.456,67.8,7.2255,8,284,19.7,6.73,22.2,22.351847116579222,-0.15184711657922279,-0.6839960206271297,Mid-Range ($15-25K),Fair Price,Low,Medium,73.09615975023743
0.1265,25.0,5.13,0,0.453,6.762,43.4,7.9809,8,284,19.7,9.5,25.0,23.631294060235632,1.368705939764368,5.474823759057472,Mid-Range ($15-25K),Fair Price,Low,Medium,73.08886289876365
0.01951,17.5,1.38,0,0.4161,7.104,59.5,9.2229,3,216,18.6,8.05,33.0,32.942144708536,0.05785529146400137,0.1753190650424284,Premium ($25-35K),Fair Price,Low,Medium,78.92538064657518
0.03584,80.0,3.37,0,0.398,6.29,17.8,6.6115,4,337,16.1,4.67,23.5,24.491781600321662,-0.9917816003216622,-4.220347235411329,Mid-Range ($15-25K),Fair Price,Low,New,88.01404619093842
0.04379,80.0,3.37,0,0.398,5.787,31.1,6.6115,4,337,16.1,10.24,19.4,19.899702042105496,-0.49970204210549696,-2.5757837221932833,Mid-Range ($15-25K),Fair Price,Low,New,88.01047194761023
0.05789,12.5,6.07,0,0.409,5.878,21.4,6.498,4,345,18.9,8.1,22.0,21.299139605983534,0.7008603940164662,3.1857290637112095,Mid-Range ($15-25K),Fair Price,Low,New,78.38895016514923
0.13554,12.5,6.07,0,0.409,5.594,36.8,6.498,4,345,18.9,13.09,17.4,20.196019519144215,-2.7960195191442168,-16.069077696231133,Mid-Range ($15-25K),Fair Price,Low,Medium,78.35403947402546
0.12816,12.5,6.07,0,0.409,5.885,33.0,6.498,4,345,18.9,8.79,20.9,21.69825735385031,-0.7982573538503104,-3.8194131763172745,Mid-Range ($15-25K),Fair Price,Low,New,78.35735745085086
0.08826,0.0,10.81,0,0.413,6.417,6.6,5.2873,4,305,19.2,6.72,24.2,23.93327514709927,0.26672485290072956,1.1021688136393784,Mid-Range ($15-25K),Fair Price,Low,New,77.17093571728763
0.15876,0.0,10.81,0,0.413,5.961,17.5,5.2873,4,305,19.2,9.88,21.7,21.70644147132671,-0.006441471326709802,-0.029684199662257153,Mid-Range ($15-25K),Fair Price,Low,New,77.13923959720745
0.09164,0.0,10.81,0,0.413,6.065,7.8,5.2873,4,305,19.2,5.52,22.8,23.348480024029616,-0.5484800240296153,-2.4056141404807687,Mid-Range ($15-25K),Fair Price,Low,New,77.1694161018852
0.19539,0.0,10.81,0,0.413,6.245,6.2,5.2873,4,305,19.2,7.54,23.4,24.200285545856488,-0.8002855458564895,-3.4200237002414084,Mid-Range ($15-25K),Fair Price,Low,New,77.12277110247642
0.07896,0.0,12.83,0,0.437,6.273,6.0,4.2515,5,398,18.7,6.78,24.1,24.72257418364217,-0.6225741836421683,-2.583295367809827,Mid-Range ($15-25K),Fair Price,Low,New,77.28938010696567
0.09512,0.0,12.83,0,0.437,6.286,45.0,4.5026,5,398,18.7,8.94,21.4,23.584517659662268,-2.1845176596622693,-10.20802644701995,Mid-Range ($15-25K),Fair Price,Low,Medium,77.28211472681679
0.10153,0.0,12.83,0,0.437,6.279,74.5,4.0522,5,398,18.7,11.97,20.0,22.013058624894086,-2.013058624894086,-10.06529312447043,Mid-Range ($15-25K),Fair Price,Low,Old,77.27923285263644
0.08707,0.0,12.83,0,0.437,6.14,45.8,4.0905,5,398,18.7,10.27,20.8,22.782868531202798,-1.9828685312027972,-9.533021784628833,Mid-Range ($15-25K),Fair Price,Low,Medium,77.28573392918055
0.05646,0.0,12.83,0,0.437,6.232,53.7,5.0141,5,398,18.7,12.34,21.2,20.890829493896746,0.3091705061032535,1.4583514438832712,Mid-Range ($15-25K),Fair Price,Low,Medium,77.29949588996998
0.08387,0.0,12.83,0,0.437,5.874,36.6,4.5026,5,398,18.7,9.1,20.3,22.728749810638412,-2.4287498106384113,-11.964284781470006,Mid-Range ($15-25K),Fair Price,Low,Medium,77.28717261831895
0.04113,25.0,4.86,0,0.426,6.727,33.5,5.4007,4,281,19.0,5.29,28.0,27.20935367562913,0.7906463243708686,2.823736872753102,Premium ($25-35K),Fair Price,Low,New,77.02795364729195
0.04462,25.0,4.86,0,0.426,6.619,70.4,5.4007,4,281,19.0,7.22,23.9,24.73793971558622,-0.83793971558622,-3.506023914586695,Mid-Range ($15-25K),Fair Price,Low,Old,77.02638457695039
0.03659,25.0,4.86,0,0.426,6.302,32.2,5.4007,4,281,19.0,6.72,24.8,23.42776889470521,1.3722311052947909,5.533189940704801,Mid-Range ($15-25K),Fair Price,Low,New,77.02999478750704
0.03551,25.0,4.86,0,0.426,6.167,46.7,5.4007,4,281,19.0,7.51,22.9,23.166488222527683,-0.2664882225276841,-1.163704028505171,Mid-Range ($15-25K),Fair Price,Low,Medium,77.03048034509125
0.05059,0.0,4.49,0,0.449,6.389,48.0,4.7794,3,247,18.5,9.62,23.9,22.581155796727153,1.318844203272846,5.518176582731574,Mid-Range ($15-25K),Fair Price,Low,Medium,77.19969211695789
0.05735,0.0,4.49,0,0.449,6.63,56.1,4.4377,3,247,18.5,6.53,26.6,25.687618303481727,0.912381696518274,3.430006377888248,Premium ($25-35K),Fair Price,Low,Medium,77.19665288615305
0.05188,0.0,4.49,0,0.449,6.015,45.1,4.4272,3,247,18.5,12.86,22.5,21.408548661465282,1.0914513385347178,4.850894837932079,Mid-Range ($15-25K),Fair Price,Low,Medium,77.19911214539898
0.07151,0.0,4.49,0,0.449,6.121,56.8,3.7476,3,247,18.5,8.44,22.2,23.773094372134725,-1.573094372134726,-7.086010685291558,Mid-Range ($15-25K),Fair Price,Low,Medium,77.19028668671567
0.0566,0.0,3.41,0,0.489,7.007,86.3,3.4217,2,270,17.8,5.5,23.6,26.780620031049125,-3.1806200310491235,-13.47720352139459,Mid-Range ($15-25K),Overpriced,Low,Old,76.9618968296422
0.05302,0.0,3.41,0,0.489,7.079,63.1,3.4145,2,270,17.8,5.7,28.7,29.69209078337313,-0.9920907833731292,-3.4567623114046313,Premium ($25-35K),Fair Price,Low,Medium,76.96350636311578
0.04684,0.0,3.41,0,0.489,6.417,66.1,3.0923,2,270,17.8,8.81,22.6,23.164599895676098,-0.5645998956760963,-2.4982296268853816,Mid-Range ($15-25K),Fair Price,Low,Medium,76.96628483151429
0.03932,0.0,3.41,0,0.489,6.405,73.9,3.0921,2,270,17.8,8.2,22.0,22.78252194731135,-0.7825219473113485,-3.5569179423243114,Mid-Range ($15-25K),Fair Price,Low,Old,76.96966575098952
0.04203,28.0,15.04,0,0.464,6.442,53.6,3.6659,4,270,18.2,8.16,22.9,23.538775465246136,-0.6387754652461375,-2.7894125119918667,Mid-Range ($15-25K),Fair Price,Low,Medium,77.23506149298781
0.02875,28.0,15.04,0,0.464,6.211,28.9,3.6659,4,270,18.2,6.21,25.0,24.993114575304027,0.006885424695973086,0.02754169878389234,Mid-Range ($15-25K),Fair Price,Low,New,77.24103205291213
0.04294,28.0,15.04,0,0.464,6.249,77.3,3.615,4,270,18.2,10.59,20.6,21.54918982678911,-0.9491898267891088,-4.607717605772373,Mid-Range ($15-25K),Fair Price,Low,Old,77.23465236576408
0.12204,0.0,2.89,0,0.445,6.625,57.8,3.4952,2,276,18.0,6.65,28.4,26.86426772851394,1.535732271486058,5.407507998190345,Premium ($25-35K),Fair Price,Low,Medium,79.01022714713773
0.11504,0.0,2.89,0,0.445,6.163,69.6,3.4952,2,276,18.0,11.34,21.4,22.30634726513242,-0.9063472651324211,-4.235267594076735,Mid-Range ($15-25K),Fair Price,Low,Medium,79.01337427962795
0.12083,0.0,2.89,0,0.445,8.069,76.0,3.4952,2,276,18.0,4.21,38.7,39.417016366357075,-0.7170163663570719,-1.8527554686229246,Luxury (>$35K),Fair Price,Low,Old,79.01077115146818
0.08187,0.0,2.89,0,0.445,7.82,36.9,3.4952,2,276,18.0,3.57,43.8,43.33948796501002,0.46051203498997495,1.0513973401597603,Luxury (>$35K),Fair Price,Low,Medium,79.0282871917281
0.0686,0.0,2.89,0,0.445,7.416,62.5,3.4952,2,276,18.0,6.19,33.2,33.27031863117961,-0.07031863117961024,-0.21180310596268143,Premium ($25-35K),Fair Price,Low,Medium,79.03425325574887
0.14866,0.0,8.56,0,0.52,6.727,79.9,2.7778,5,384,20.9,9.42,27.5,24.623339868321885,2.876660131678115,10.460582297011326,Premium ($25-35K),Fair Price,Low,Old,65.11331027330193
0.11432,0.0,8.56,0,0.52,6.781,71.3,2.8561,5,384,20.9,7.67,26.5,24.682503218057125,1.8174967819428751,6.858478422425944,Premium ($25-35K),Fair Price,Low,Old,65.1287492061183
0.22876,0.0,8.56,0,0.52,6.405,85.4,2.7147,5,384,20.9,10.63,18.6,20.285406233202206,-1.6854062332022046,-9.061323834420454,Mid-Range ($15-25K),Fair Price,Low,Old,65.07729808580658
0.21161,0.0,8.56,0,0.52,6.137,87.4,2.7147,5,384,20.9,13.44,19.3,20.285406233202206,-0.9854062332022053,-5.105731778249768,Mid-Range ($15-25K),Fair Price,Low,Old,65.08500856040763
0.1396,0.0,8.56,0,0.52,6.167,90.0,2.421,5,384,20.9,12.33,20.1,20.651139674231064,-0.551139674231063,-2.7419884290102634,Mid-Range ($15-25K),Fair Price,Low,Old,65.11738356192501
0.13262,0.0,8.56,0,0.52,5.851,96.7,2.1069,5,384,20.9,16.47,19.5,18.23830392265025,1.2616960773497503,6.470236294101284,Mid-Range ($15-25K),Fair Price,Low,Old,65.12052170260812
0.1712,0.0,8.56,0,0.52,5.836,91.9,2.211,5,384,20.9,18.66,19.5,18.27133041275006,1.2286695872499394,6.300869678204816,Mid-Range ($15-25K),Fair Price,Low,Old,65.10317650668338
0.13117,0.0,8.56,0,0.52,6.127,85.2,2.1224,5,384,20.9,14.09,20.4,20.651139674231064,-0.25113967423106587,-1.2310768344660092,Mid-Range ($15-25K),Fair Price,Low,Old,65.12117360862395
0.12802,0.0,8.56,0,0.52,6.474,97.1,2.4329,5,384,20.9,12.27,19.8,20.621077966683945,-0.8210779666839443,-4.146858417595678,Mid-Range ($15-25K),Fair Price,Low,Old,65.12258981824456
0.26363,0.0,8.56,0,0.52,6.229,91.2,2.5451,5,384,20.9,15.55,19.4,18.434957022572313,0.9650429774276859,4.974448337256113,Mid-Range ($15-25K),Fair Price,Low,Old,65.06162087010165
0.10793,0.0,8.56,0,0.52,6.195,54.4,2.7778,5,384,20.9,13.0,21.7,21.22256135576519,0.47743864423480886,2.200178084031377,Mid-Range ($15-25K),Fair Price,Low,Medium,65.13162208849153
0.10084,0.0,10.01,0,0.547,6.715,81.6,2.6775,6,432,17.8,10.16,22.8,23.69137201130474,-0.891372011304739,-3.909526365371662,Mid-Range ($15-25K),Fair Price,Low,Old,73.36176003872369
0.12329,0.0,10.01,0,0.547,5.913,92.9,2.3534,6,432,17.8,16.21,18.8,18.864574163647617,-0.0645741636476167,-0.3434795938703016,Mid-Range ($15-25K),Fair Price,Low,Old,73.35166673523716
0.22212,0.0,10.01,0,0.547,6.092,95.4,2.548,6,432,17.8,17.09,18.7,18.571710676225834,0.12828932377416535,0.6860391645677292,Mid-Range ($15-25K),Fair Price,Low,Old,73.30723372037865
0.14231,0.0,10.01,0,0.547,6.254,84.2,2.2565,6,432,17.8,10.45,18.5,20.731845144056507,-2.231845144056507,-12.064027805710849,Mid-Range ($15-25K),Fair Price,Low,Old,73.34311552667084
0.17134,0.0,10.01,0,0.547,5.928,88.2,2.4631,6,432,17.8,15.76,18.3,18.725219594044454,-0.425219594044453,-2.3236043390407266,Mid-Range ($15-25K),Fair Price,Low,Old,73.3300639186435
0.13158,0.0,10.01,0,0.547,6.176,72.5,2.7301,6,432,17.8,12.04,21.2,21.38695797495742,-0.18695797495741928,-0.8818772403651854,Mid-Range ($15-25K),Fair Price,Low,Old,73.34793963118801
0.15098,0.0,10.01,0,0.547,6.021,82.6,2.7474,6,432,17.8,10.3,19.2,20.264676733353348,-1.0646767333533482,-5.545191319548689,Mid-Range ($15-25K),Fair Price,Low,Old,73.33921757828651
0.13058,0.0,10.01,0,0.547,5.872,73.1,2.4775,6,432,17.8,15.37,20.4,19.571665819625935,0.828334180374064,4.060461668500314,Mid-Range ($15-25K),Fair Price,Low,Old,73.34838922154375
0.14476,0.0,10.01,0,0.547,5.731,65.2,2.7592,6,432,17.8,13.61,19.3,20.43019870300417,-1.1301987030041687,-5.855951829037143,Mid-Range ($15-25K),Fair Price,Low,Medium,73.34201403029927
0.06899,0.0,25.65,0,0.581,5.87,69.7,2.2577,2,188,19.1,14.37,22.0,22.119833893850895,-0.11983389385089538,-0.54469951750407,Mid-Range ($15-25K),Fair Price,Low,Medium,67.12837788924273
0.07165,0.0,25.65,0,0.581,6.004,84.1,2.1974,2,188,19.1,14.27,20.3,21.567182573310017,-1.2671825733100164,-6.242278686256238,Mid-Range ($15-25K),Fair Price,Low,Old,67.12718197889643
0.09299,0.0,25.65,0,0.581,5.961,92.9,2.0869,2,188,19.1,17.93,20.5,19.843226446868464,0.6567735531315364,3.2037734299099334,Mid-Range ($15-25K),Fair Price,Low,Old,67.11758772070479
0.15038,0.0,25.65,0,0.581,5.856,97.0,1.9444,2,188,19.1,25.41,17.3,16.487813732880678,0.8121862671193227,4.694718307048109,Mid-Range ($15-25K),Fair Price,Low,Old,67.09178573018845
0.09849,0.0,25.65,0,0.581,5.879,95.8,2.0063,2,188,19.1,17.58,18.8,19.273719026603388,-0.47371902660338705,-2.5197820564009947,Mid-Range ($15-25K),Fair Price,Low,Old,67.11511497374818
0.16902,0.0,25.65,0,0.581,5.986,88.4,1.9929,2,188,19.1,14.81,21.4,20.422787656733988,0.9772123432660109,4.5664128190000515,Mid-Range ($15-25K),Fair Price,Low,Old,67.08340536595732
0.38735,0.0,25.65,0,0.581,5.613,95.6,1.7572,2,188,19.1,27.26,15.7,16.441895779413,-0.7418957794129994,-4.725450824286621,Mid-Range ($15-25K),Fair Price,Low,Old,66.98524630358699
0.25915,0.0,21.89,0,0.624,5.693,96.0,1.7883,4,437,21.2,17.19,16.2,15.898098725343218,0.30190127465678174,1.8635881151653193,Mid-Range ($15-25K),Fair Price,Low,Old,57.68643513996501
0.32543,0.0,21.89,0,0.624,6.431,98.8,1.8125,4,437,21.2,15.39,18.0,17.23061925764254,0.769380742357459,4.2743374575414395,Mid-Range ($15-25K),Fair Price,Low,Old,57.65663629118608
0.88125,0.0,21.89,0,0.624,5.637,94.7,1.9799,4,437,21.2,18.34,14.3,15.898098725343218,-1.5980987253432168,-11.175515561840676,Budget (<$15K),Fair Price,Low,Old,57.40674497965458
0.34006,0.0,21.89,0,0.624,6.458,98.9,2.1185,4,437,21.2,12.6,19.2,19.800417007454357,-0.6004170074543573,-3.1271719138247778,Mid-Range ($15-25K),Fair Price,Low,Old,57.6500587842815
1.19294,0.0,21.89,0,0.624,6.326,97.7,2.271,4,437,21.2,12.26,19.6,19.800417007454357,-0.2004170074543552,-1.0225357523181386,Mid-Range ($15-25K),Fair Price,Medium,Old,57.26661216167169
0.59005,0.0,21.89,0,0.624,6.372,97.9,2.3274,4,437,21.2,11.12,23.0,19.800417007454357,3.1995829925456434,13.911230402372363,Mid-Range ($15-25K),Underpriced,Low,Old,57.537665691248215
0.32982,0.0,21.89,0,0.624,5.822,95.4,2.4699,4,437,21.2,15.03,18.4,17.078754821398995,1.3212451786010035,7.180680318483715,Mid-Range ($15-25K),Fair Price,Low,Old,57.65466258952435
0.97617,0.0,21.89,0,0.624,5.757,98.4,2.346,4,437,21.2,17.31,15.6,16.33652571301752,-0.7365257130175191,-4.721318673189225,Mid-Range ($15-25K),Fair Price,Low,Old,57.364069863087046
0.55778,0.0,21.89,0,0.624,6.335,98.2,2.1107,4,437,21.2,16.96,18.1,16.95548948866455,1.1445105113354508,6.323262493566026,Mid-Range ($15-25K),Fair Price,Low,Old,57.552173972028186
0.32264,0.0,21.89,0,0.624,5.942,93.5,1.9669,4,437,21.2,16.9,17.4,16.41024617883389,0.9897538211661079,5.688240351529356,Mid-Range ($15-25K),Fair Price,Low,Old,57.65789064827862
0.35233,0.0,21.89,0,0.624,6.454,98.4,1.8498,4,437,21.2,14.59,17.1,17.720541402959828,-0.6205414029598266,-3.6288970933323195,Mid-Range ($15-25K),Fair Price,Low,Old,57.64454231061648
0.2498,0.0,21.89,0,0.624,5.857,98.2,1.6686,4,437,21.2,21.32,13.3,13.364449543473768,-0.06444954347376708,-0.48458303363734645,Budget (<$15K),Fair Price,Low,Old,57.69063880979125
0.54452,0.0,21.89,0,0.624,6.151,97.9,1.6687,4,437,21.2,18.46,17.8,16.517062500990246,1.2829374990097548,7.207514039380645,Mid-Range ($15-25K),Fair Price,Low,Old,57.55813554014539
0.2909,0.0,21.89,0,0.624,6.174,93.6,1.6119,4,437,21.2,24.16,14.0,13.290086435849219,0.7099135641507814,5.070811172505581,Budget (<$15K),Fair Price,Low,Old,57.67216064617004
1.62864,0.0,21.89,0,0.624,5.019,100.0,1.4394,4,437,21.2,34.41,14.4,13.799053004916571,0.6009469950834294,4.173243021412705,Budget (<$15K),Fair Price,Medium,Old,57.07072564367256
3.32105,0.0,19.58,1,0.871,5.403,100.0,1.3216,5,403,14.7,26.82,13.4,14.148377708874671,-0.7483777088746706,-5.584908275184109,Budget (<$15K),Fair Price,Medium,Old,61.807601700519086
4.0974,0.0,19.58,0,0.871,5.468,100.0,1.4118,5,403,14.7,26.42,15.6,14.10068316990684,1.499316830093159,9.611005321109992,Mid-Range ($15-25K),Fair Price,Medium,Old,61.458562227834626
2.77974,0.0,19.58,0,0.871,4.903,97.8,1.3459,5,403,14.7,29.29,11.8,13.557448437096994,-1.7574484370969934,-14.893630822855874,Budget (<$15K),Fair Price,Medium,Old,62.05096945598869
2.37934,0.0,19.58,0,0.871,6.13,100.0,1.4191,5,403,14.7,27.8,13.8,14.009305863184771,-0.2093058631847704,-1.516709153512829,Budget (<$15K),Fair Price,Medium,Old,62.23098543442993
2.15505,0.0,19.58,0,0.871,5.628,100.0,1.5166,5,403,14.7,16.65,15.6,16.548344743024845,-0.9483447430248457,-6.079132968107985,Mid-Range ($15-25K),Fair Price,Medium,Old,62.33182405532051
2.36862,0.0,19.58,0,0.871,4.926,95.7,1.4608,5,403,14.7,29.53,14.6,14.00019210813645,0.5998078918635503,4.108273231942126,Budget (<$15K),Fair Price,Medium,Old,62.23580504304355
2.33099,0.0,19.58,0,0.871,5.186,93.8,1.5296,5,403,14.7,28.32,17.8,15.050667673912887,2.7493323260871136,15.445687225208504,Mid-Range ($15-25K),Fair Price,Medium,Old,62.25272312813032
2.73397,0.0,19.58,0,0.871,5.597,94.9,1.5257,5,403,14.7,21.45,15.4,14.227598102002977,1.1724018979970232,7.612999337643007,Mid-Range ($15-25K),Fair Price,Medium,Old,62.071547206571246
1.6566,0.0,19.58,0,0.871,6.122,97.3,1.618,5,403,14.7,14.1,21.5,19.85407787932597,1.6459221206740295,7.655451724065254,Mid-Range ($15-25K),Fair Price,Medium,Old,62.55592236814278
1.49632,0.0,19.58,0,0.871,5.404,100.0,1.5916,5,403,14.7,13.28,19.6,19.175212175161427,0.4247878248385746,2.167284820604972,Mid-Range ($15-25K),Fair Price,Medium,Old,62.62798271036197
1.12658,0.0,19.58,1,0.871,5.012,88.0,1.6102,5,403,14.7,12.12,15.3,17.790959721447198,-2.4909597214471972,-16.280782493118938,Mid-Range ($15-25K),Fair Price,Medium,Old,62.794214248496
2.14918,0.0,19.58,0,0.871,5.709,98.5,1.6232,5,403,14.7,15.79,19.4,16.551960830317423,2.8480391696825755,14.680614276714307,Mid-Range ($15-25K),Fair Price,Medium,Old,62.33446315070875
1.41385,0.0,19.58,1,0.871,6.129,96.0,1.7494,5,403,14.7,15.12,17.0,17.331974668481987,-0.33197466848198687,-1.952792167541099,Mid-Range ($15-25K),Fair Price,Medium,Old,62.665060427000455
3.53501,0.0,19.58,1,0.871,6.152,82.6,1.7455,5,403,14.7,15.02,15.6,17.52933704970364,-1.9293370497036388,-12.367545190407942,Mid-Range ($15-25K),Fair Price,Medium,Old,61.711407348003384
2.44668,0.0,19.58,0,0.871,5.272,94.0,1.7364,5,403,14.7,16.14,13.1,15.838404073665131,-2.738404073665132,-20.903847890573527,Budget (<$15K),Fair Price,Medium,Old,62.20071001987391
1.22358,0.0,19.58,0,0.605,6.943,97.4,1.8773,5,403,14.7,4.59,41.3,39.49180767649591,1.8081923235040875,4.378189645288348,Luxury (>$35K),Fair Price,Medium,Old,79.17035707040826
1.34284,0.0,19.58,0,0.605,6.066,100.0,1.7573,5,403,14.7,6.43,24.3,25.457224358675635,-1.1572243586756343,-4.762240159158989,Mid-Range ($15-25K),Fair Price,Medium,Old,79.11673892458182
1.42502,0.0,19.58,0,0.871,6.51,100.0,1.7659,5,403,14.7,7.39,23.3,23.60635556191291,-0.306355561912909,-1.314830737823644,Mid-Range ($15-25K),Fair Price,Medium,Old,62.660038502726756
1.27346,0.0,19.58,1,0.605,6.25,92.6,1.7984,5,403,14.7,5.5,27.0,26.0512800625347,0.9487199374652988,3.5137775461677734,Premium ($25-35K),Fair Price,Medium,Old,79.14793150346358
1.46336,0.0,19.58,0,0.605,7.489,90.8,1.9709,5,403,14.7,1.73,50.0,48.82792358255282,1.1720764174471796,2.344152834894359,Luxury (>$35K),Fair Price,Medium,Old,79.06255429490716
1.83377,0.0,19.58,1,0.605,7.802,98.2,2.0407,5,403,14.7,1.92,50.0,49.31578857448639,0.6842114255136096,1.3684228510272192,Luxury (>$35K),Fair Price,Medium,Old,78.89602153123478
1.51902,0.0,19.58,1,0.605,8.375,93.9,2.162,5,403,14.7,3.32,50.0,50.199379110432744,-0.19937911043274426,-0.3987582208654885,Luxury (>$35K),Fair Price,Medium,Old,79.03753009570626
2.24236,0.0,19.58,0,0.605,5.854,91.8,2.422,5,403,14.7,11.64,22.7,22.241702888883985,0.4582971111160141,2.0189300049163617,Mid-Range ($15-25K),Fair Price,Medium,Old,78.71232340777996
2.924,0.0,19.58,0,0.605,6.101,93.0,2.2834,5,403,14.7,9.81,25.0,23.526108585950922,1.4738914140490778,5.895565656196311,Mid-Range ($15-25K),Fair Price,Medium,Old,78.40586463768832
2.01019,0.0,19.58,0,0.605,7.929,96.2,2.0459,5,403,14.7,3.7,50.0,49.26809403551856,0.7319059644814416,1.4638119289628833,Luxury (>$35K),Fair Price,Medium,Old,78.81670480067383
1.80028,0.0,19.58,0,0.605,5.877,79.2,2.4259,5,403,14.7,12.14,23.8,22.241702888883985,1.5582971111160155,6.547466853428636,Mid-Range ($15-25K),Fair Price,Medium,Old,78.91107831224876
2.3004,0.0,19.58,0,0.605,6.319,96.1,2.1,5,403,14.7,11.1,23.8,23.082182161611133,0.7178178383888678,3.016041337768352,Mid-Range ($15-25K),Fair Price,Medium,Old,78.68622918353239
2.44953,0.0,19.58,0,0.605,6.402,95.2,2.2625,5,403,14.7,11.32,22.3,23.082182161611133,-0.7821821616111322,-3.507543325610458,Mid-Range ($15-25K),Fair Price,Medium,Old,78.61918177377979
1.20742,0.0,19.58,0,0.605,5.875,94.6,2.4259,5,403,14.7,14.43,17.4,20.69470227768415,-3.294702277684152,-18.935070561403176,Mid-Range ($15-25K),Overpriced,Medium,Old,79.17762245055714
2.3139,0.0,19.58,0,0.605,5.88,97.3,2.3887,5,403,14.7,12.03,19.1,22.115778643291467,-3.0157786432914655,-15.789416980583587,Mid-Range ($15-25K),Overpriced,Medium,Old,78.6801597137298
0.13914,0.0,4.05,0,0.51,5.572,88.5,2.5961,5,296,16.6,14.69,23.1,20.64076987035479,2.45923012964521,10.646017877251989,Mid-Range ($15-25K),Fair Price,Low,Old,79.45827857942507
0.09178,0.0,4.05,0,0.51,6.416,84.1,2.6463,5,296,16.6,9.04,23.6,24.035489987962535,-0.4354899879625336,-1.845296559163278,Mid-Range ($15-25K),Fair Price,Low,Old,79.47957117867327
0.08447,0.0,4.05,0,0.51,5.859,68.7,2.7019,5,296,16.6,9.64,22.6,22.82481385887244,-0.22481385887243732,-0.9947515879311385,Mid-Range ($15-25K),Fair Price,Low,Medium,79.48285768417378
0.06664,0.0,4.05,0,0.51,6.546,33.1,3.1323,5,296,16.6,5.33,29.4,28.78485630202712,0.6151436979728793,2.0923255033091133,Premium ($25-35K),Fair Price,Low,New,79.49087388021675
0.07022,0.0,4.05,0,0.51,6.02,47.2,3.5549,5,296,16.6,10.11,23.2,22.90326390147244,0.29673609852756044,1.2790349074463814,Mid-Range ($15-25K),Fair Price,Low,Medium,79.48926434674317
0.05425,0.0,4.05,0,0.51,6.315,73.4,3.3175,5,296,16.6,6.29,24.6,23.852331772631985,0.7476682273680169,3.039301737268361,Mid-Range ($15-25K),Fair Price,Low,Old,79.49644430472446
0.06642,0.0,4.05,0,0.51,6.86,74.4,2.9153,5,296,16.6,6.92,29.9,29.084965096815093,0.8150349031849053,2.7258692414210883,Premium ($25-35K),Fair Price,Low,Old,79.49097279009501
0.0578,0.0,2.46,0,0.488,6.98,58.4,2.829,3,193,17.8,5.04,37.2,37.72521356011711,-0.5252135601171091,-1.4118644089169596,Luxury (>$35K),Fair Price,Low,Medium,77.02308571627704
0.06588,0.0,2.46,0,0.488,7.765,83.3,2.741,3,193,17.8,7.56,39.8,40.77355175102677,-0.9735517510267755,-2.446109927202954,Luxury (>$35K),Fair Price,Low,Old,77.0194530262026
0.06888,0.0,2.46,0,0.488,6.144,62.2,2.5979,3,193,17.8,9.45,36.2,32.75342155278658,3.446578447213426,9.520934937053664,Luxury (>$35K),Underpriced,Low,Medium,77.01810425513536
0.09103,0.0,2.46,0,0.488,7.155,92.2,2.7006,3,193,17.8,4.82,37.9,38.321409123601946,-0.42140912360194704,-1.1118974237518393,Luxury (>$35K),Fair Price,Low,Old,77.00814582875554
0.10008,0.0,2.46,0,0.488,6.563,95.6,2.847,3,193,17.8,5.68,32.5,31.038002168751785,1.4619978312482154,4.4984548653791245,Premium ($25-35K),Fair Price,Low,Old,77.00407703603604
0.08308,0.0,2.46,0,0.488,5.604,89.8,2.9879,3,193,17.8,13.98,26.4,25.140036759604143,1.2599632403958552,4.772588031802482,Premium ($25-35K),Fair Price,Low,Old,77.01172007208373
0.06047,0.0,2.46,0,0.488,6.153,68.8,3.2797,3,193,17.8,13.15,29.6,27.988116373560768,1.6118836264392336,5.445552792024437,Premium ($25-35K),Fair Price,Low,Medium,77.02188531002719
0.05602,0.0,2.46,0,0.488,7.831,53.6,3.1992,3,193,17.8,4.45,50.0,49.700138421859506,0.29986157814049363,0.5997231562809873,Luxury (>$35K),Fair Price,Low,Medium,77.02388598711026
0.07875,45.0,3.44,0,0.437,6.782,41.1,3.7886,5,398,15.2,6.68,32.0,30.443522935629435,1.556477064370565,4.863990826158016,Premium ($25-35K),Fair Price,Low,Medium,88.45968728689782
0.12579,45.0,3.44,0,0.437,6.556,29.1,4.5667,5,398,15.2,4.56,29.8,29.994787736194436,-0.194787736194435,-0.6536501214578356,Premium ($25-35K),Fair Price,Low,New,88.43853855656346
0.0837,45.0,3.44,0,0.437,7.185,38.9,4.5667,5,398,15.2,5.39,34.9,34.920309633297926,-0.02030963329792712,-0.05819379168460493,Premium ($25-35K),Fair Price,Low,Medium,88.45746181463687
0.09068,45.0,3.44,0,0.437,6.951,21.5,6.4798,5,398,15.2,5.1,37.0,34.57609764525678,2.4239023547432197,6.5510874452519445,Luxury (>$35K),Fair Price,Low,New,88.45432367395375
0.06911,45.0,3.44,0,0.437,6.739,30.8,6.4798,5,398,15.2,4.69,30.5,30.033839320949145,0.466160679050855,1.5283956690191967,Premium ($25-35K),Fair Price,Low,New,88.46402133792722
0.08664,45.0,3.44,0,0.437,7.178,26.3,6.4798,5,398,15.2,2.87,36.4,36.05909864183866,0.3409013581613394,0.9365421927509323,Luxury (>$35K),Fair Price,Low,New,88.45614001899096
0.02187,60.0,2.93,0,0.401,6.8,9.9,6.2196,1,265,15.6,5.03,31.1,30.20635965869028,0.8936403413097231,2.87344161192837,Premium ($25-35K),Fair Price,Low,New,89.43088646387409
0.01439,60.0,2.93,0,0.401,6.604,18.8,6.2196,1,265,15.6,4.38,29.1,28.84058195977729,0.2594180402227124,0.8914709286003862,Premium ($25-35K),Fair Price,Low,New,89.43424939973508
0.01381,80.0,0.46,0,0.422,7.875,32.0,5.6484,4,255,14.4,2.97,50.0,44.98089312186591,5.019106878134089,10.038213756268178,Luxury (>$35K),Underpriced,Low,New,91.96800109988767
0.04011,80.0,1.52,0,0.404,7.287,34.1,7.309,2,329,12.6,4.08,33.3,34.31454120948972,-1.014541209489721,-3.046670298767931,Premium ($25-35K),Fair Price,Low,New,98.81196883570645
0.04666,80.0,1.52,0,0.404,7.107,36.6,7.309,2,329,12.6,8.61,30.3,30.422197161436177,-0.12219716143617632,-0.40329096183556545,Premium ($25-35K),Fair Price,Low,Medium,98.80902401887631
0.03768,80.0,1.52,0,0.404,7.274,38.3,7.309,2,329,12.6,6.62,34.6,33.02775393302803,1.572246066971971,4.544063777375638,Premium ($25-35K),Fair Price,Low,Medium,98.81306134027092
0.0315,95.0,1.47,0,0.403,6.975,15.3,7.6534,3,402,17.0,4.56,34.9,33.571986191014744,1.3280138089852542,3.805197160416202,Premium ($25-35K),Fair Price,Low,New,84.83501501224181
0.01778,95.0,1.47,0,0.403,7.135,13.9,7.6534,3,402,17.0,4.45,32.9,33.236711888611346,-0.3367118886113474,-1.0234403909159495,Premium ($25-35K),Fair Price,Low,New,84.84118339192267
0.03445,82.5,2.03,0,0.415,6.162,38.4,6.27,2,348,14.7,7.43,24.1,23.429151987416105,0.670848012583896,2.7836017119663734,Mid-Range ($15-25K),Fair Price,Low,Medium,91.4333735118665
0.02177,82.5,2.03,0,0.415,7.61,15.7,6.27,2,348,14.7,3.11,42.3,43.19629399592009,-0.8962939959200895,-2.118898335508486,Luxury (>$35K),Fair Price,Low,New,91.4390743175774
0.0351,95.0,2.68,0,0.4161,7.853,33.2,5.118,4,224,14.7,3.81,48.5,45.299924144952705,3.200075855047295,6.598094546489268,Luxury (>$35K),Underpriced,Low,New,91.36518004356738
0.02009,95.0,2.68,0,0.4161,8.034,31.9,5.118,4,224,14.7,2.88,50.0,44.85904251598886,5.140957484011139,10.281914968022278,Luxury (>$35K),Underpriced,Low,New,91.37192839480714
0.13642,0.0,10.59,0,0.489,5.891,22.3,3.9454,4,277,18.6,10.87,22.6,23.224277934491607,-0.6242779344916052,-2.762291745538076,Mid-Range ($15-25K),Fair Price,Low,New,74.37281903808474
0.22969,0.0,10.59,0,0.489,6.326,52.5,4.3549,4,277,18.6,10.97,24.4,23.10705211401239,1.2929478859876085,5.298966745850855,Mid-Range ($15-25K),Fair Price,Low,Medium,74.33088574560419
0.25199,0.0,10.59,0,0.489,5.783,72.7,4.3549,4,277,18.6,18.06,22.5,20.69932752503601,1.8006724749639886,8.002988777617727,Mid-Range ($15-25K),Fair Price,Low,Old,74.32085988067102
0.13587,0.0,10.59,1,0.489,6.064,59.1,4.2392,4,277,18.6,14.66,24.4,20.972112702665754,3.4278872973342445,14.048718431697724,Mid-Range ($15-25K),Underpriced,Low,Medium,74.37306631278041
0.43571,0.0,10.59,1,0.489,5.344,100.0,3.875,4,277,18.6,23.09,20.0,18.30977297896664,1.6902270210333583,8.451135105166792,Mid-Range ($15-25K),Fair Price,Low,Old,74.23826114051312
0.17446,0.0,10.59,1,0.489,5.96,92.1,3.8771,4,277,18.6,17.27,21.7,20.224335784276615,1.4756642157233841,6.800295924992554,Mid-Range ($15-25K),Fair Price,Low,Old,74.35571662095211
0.37578,0.0,10.59,1,0.489,5.404,88.6,3.665,4,277,18.6,23.98,19.3,18.412301537269332,0.8876984627306683,4.599473900158903,Mid-Range ($15-25K),Fair Price,Low,Old,74.26520509053306
0.21719,0.0,10.59,1,0.489,5.807,53.8,3.6526,4,277,18.6,16.03,22.4,21.828489033413657,0.5715109665863416,2.551388243689025,Mid-Range ($15-25K),Fair Price,Low,Medium,74.33650562505103
0.14052,0.0,10.59,0,0.489,6.375,32.3,3.9454,4,277,18.6,9.38,28.1,25.822010225148745,2.2779897748512568,8.106725177406608,Premium ($25-35K),Fair Price,Low,New,74.37097571762618
0.28955,0.0,10.59,0,0.489,5.412,9.8,3.5875,4,277,18.6,29.55,23.7,22.806619496810907,0.8933805031890927,3.769537988139632,Mid-Range ($15-25K),Fair Price,Low,New,74.30397326690915
0.19802,0.0,10.59,0,0.489,6.182,42.4,3.9454,4,277,18.6,9.47,25.0,24.447857619996576,0.5521423800034242,2.2085695200136968,Mid-Range ($15-25K),Fair Price,Low,Medium,74.34512427217071
0.0456,0.0,13.89,1,0.55,5.888,56.0,3.1121,5,276,16.4,13.51,23.3,22.656997801401193,0.6430021985988077,2.7596660884069,Mid-Range ($15-25K),Fair Price,Low,Medium,77.66949533117298
0.07013,0.0,13.89,0,0.55,6.642,85.1,3.4211,5,276,16.4,9.69,28.7,26.82672076622403,1.8732792337759676,6.5271053441671345,Premium ($25-35K),Fair Price,Low,Old,77.6584668797465
0.11069,0.0,13.89,1,0.55,5.951,93.8,2.8893,5,276,16.4,17.92,21.5,20.564492689807345,0.935507310192655,4.351196791593744,Mid-Range ($15-25K),Fair Price,Low,Old,77.64023149491737
0.11425,0.0,13.89,1,0.55,6.373,92.4,3.3633,5,276,16.4,10.5,23.0,22.920592926264657,0.07940707373534295,0.3452481466754041,Mid-Range ($15-25K),Fair Price,Low,Old,77.63863095325092
0.35809,0.0,6.2,1,0.507,6.951,88.5,2.8617,8,307,17.4,9.71,26.7,28.69251099279812,-1.9925109927981204,-7.462587988007942,Premium ($25-35K),Fair Price,Low,Old,76.99183446685768
0.40771,0.0,6.2,1,0.507,6.164,91.3,3.048,8,307,17.4,21.46,21.7,19.229065689395643,2.470934310604356,11.386794058084591,Mid-Range ($15-25K),Fair Price,Low,Old,76.9695257934055
0.62356,0.0,6.2,1,0.507,6.879,77.7,3.2721,8,307,17.4,9.93,27.5,26.84812578598586,0.6518742140141391,2.370451687324142,Premium ($25-35K),Fair Price,Low,Old,76.87248171511743
0.6147,0.0,6.2,0,0.507,6.618,80.8,3.2721,8,307,17.4,7.6,30.1,26.10954222655667,3.9904577734433317,13.257334795492795,Premium ($25-35K),Underpriced,Low,Old,76.87646508566935
0.31533,0.0,6.2,0,0.504,8.266,78.3,2.8944,8,307,17.4,4.14,44.8,46.101392477472764,-1.301392477472767,-2.9048939229302837,Luxury (>$35K),Fair Price,Low,Old,77.19624413565462
0.52693,0.0,6.2,0,0.504,8.725,83.0,2.8944,8,307,17.4,4.63,50.0,48.008706202062854,1.9912937979371463,3.9825875958742927,Luxury (>$35K),Fair Price,Low,Old,77.10111081637848
0.38214,0.0,6.2,0,0.504,8.04,86.5,3.2157,8,307,17.4,3.13,37.6,40.64677746484362,-3.046777464843622,-8.103131555435164,Luxury (>$35K),Overpriced,Low,Old,77.16620700398714
0.41238,0.0,6.2,0,0.504,7.163,79.9,3.2157,8,307,17.4,6.36,31.6,32.74326124490668,-1.1432612449066752,-3.6179153319831494,Premium ($25-35K),Fair Price,Low,Old,77.15261139162934
0.29819,0.0,6.2,0,0.504,7.686,17.0,3.3751,8,307,17.4,3.92,46.7,45.407572846412535,1.292427153587468,2.7675099648553916,Luxury (>$35K),Fair Price,Low,New,77.20395011435212
0.44178,0.0,6.2,0,0.504,6.552,21.4,3.3751,8,307,17.4,3.76,31.5,30.471712365642688,1.0282876343573122,3.2644051884359113,Premium ($25-35K),Fair Price,Low,New,77.13939343517038
0.537,0.0,6.2,0,0.504,5.981,68.1,3.6715,8,307,17.4,11.65,24.3,22.859101442041602,1.4408985579583984,5.929623695302051,Mid-Range ($15-25K),Fair Price,Low,Medium,77.09658344149611
0.46296,0.0,6.2,0,0.504,7.412,76.9,3.6715,8,307,17.4,5.25,31.7,32.63754936358311,-0.9375493635831127,-2.9575689702937313,Premium ($25-35K),Fair Price,Low,Old,77.12987111143565
0.57529,0.0,6.2,0,0.507,8.337,73.3,3.8384,8,307,17.4,2.47,41.7,42.56643554166887,-0.8664355416688636,-2.0777830735464353,Luxury (>$35K),Fair Price,Low,Old,76.89418344158935
0.33147,0.0,6.2,0,0.507,8.247,70.4,3.6519,8,307,17.4,3.95,48.3,45.82333679293095,2.476663207069045,5.127667095381046,Luxury (>$35K),Fair Price,Low,Old,77.00380256212767
0.44791,0.0,6.2,1,0.507,6.726,66.5,3.6519,8,307,17.4,8.05,29.0,26.943509985836265,2.0564900141637352,7.091344876426674,Premium ($25-35K),Fair Price,Low,Medium,76.95145226110445
0.33045,0.0,6.2,0,0.507,6.086,61.5,3.6519,8,307,17.4,10.88,24.0,23.324740854621783,0.6752591453782166,2.813579772409236,Mid-Range ($15-25K),Fair Price,Low,Medium,77.00426114429054
0.52058,0.0,6.2,1,0.507,6.631,76.5,4.148,8,307,17.4,9.54,25.1,25.218101433051384,-0.11810143305138254,-0.4705236376549105,Premium ($25-35K),Fair Price,Low,Old,76.91878052995229
0.51183,0.0,6.2,0,0.507,7.358,71.6,4.148,8,307,17.4,4.73,31.5,32.86881561128899,-1.368815611288987,-4.345446385044403,Premium ($25-35K),Fair Price,Low,Old,76.92271444556508
0.08244,30.0,4.93,0,0.428,6.481,18.5,6.1899,6,300,16.6,6.36,23.7,23.798458664510665,-0.09845866451066598,-0.41543740299859067,Mid-Range ($15-25K),Fair Price,Low,New,84.54549874765767
0.09252,30.0,4.93,0,0.428,6.606,42.2,6.1899,6,300,16.6,7.37,23.3,25.427336711729755,-2.127336711729754,-9.13020047952684,Mid-Range ($15-25K),Fair Price,Low,Medium,84.54096687687175
0.11329,30.0,4.93,0,0.428,6.897,54.3,6.3361,6,300,16.6,11.38,22.0,24.377872210629334,-2.3778722106293344,-10.808510048315156,Mid-Range ($15-25K),Fair Price,Low,Medium,84.53162888518287
0.10612,30.0,4.93,0,0.428,6.095,65.1,6.3361,6,300,16.6,12.4,20.1,20.83282248569735,-0.7328224856973478,-3.64588301341964,Mid-Range ($15-25K),Fair Price,Low,Medium,84.53485244803358
0.1029,30.0,4.93,0,0.428,6.358,52.9,7.0355,6,300,16.6,11.22,22.2,21.380539822423618,0.8194601775763815,3.6912620611548714,Mid-Range ($15-25K),Fair Price,Low,Medium,84.53630012897908
0.12757,30.0,4.93,0,0.428,6.393,7.8,7.0355,6,300,16.6,5.19,23.7,24.780420923995873,-1.0804209239958737,-4.558738075931957,Mid-Range ($15-25K),Fair Price,Low,New,84.5252087349028
0.20608,22.0,5.86,0,0.431,5.593,76.5,7.9549,7,330,19.1,12.5,17.6,18.52895072379892,-0.9289507237989199,-5.278129112493862,Mid-Range ($15-25K),Fair Price,Low,Old,76.32600280663257
0.19133,22.0,5.86,0,0.431,5.605,70.2,7.9549,7,330,19.1,18.46,18.5,17.87096378166344,0.6290362183365588,3.40019577479221,Mid-Range ($15-25K),Fair Price,Low,Old,76.33263426437985
0.33983,22.0,5.86,0,0.431,6.108,34.9,8.0555,7,330,19.1,9.16,24.3,22.927381976186684,1.3726180238133168,5.6486338428531555,Mid-Range ($15-25K),Fair Price,Low,New,76.26587009655137
0.19657,22.0,5.86,0,0.431,6.226,79.2,8.0555,7,330,19.1,10.15,20.5,20.61919151661026,-0.11919151661026106,-0.5814220322451759,Mid-Range ($15-25K),Fair Price,Low,Old,76.33027841091572
0.16439,22.0,5.86,0,0.431,6.433,49.1,7.8265,7,330,19.1,9.52,24.5,22.71851282557516,1.7814871744248393,7.271376222142201,Mid-Range ($15-25K),Fair Price,Low,Medium,76.34474622856368
0.19073,22.0,5.86,0,0.431,6.718,17.5,7.8265,7,330,19.1,6.56,26.2,26.01690203768148,0.18309796231852005,0.6988471844218322,Premium ($25-35K),Fair Price,Low,New,76.3329040185933
0.1403,22.0,5.86,0,0.431,6.487,13.0,7.3967,7,330,19.1,5.9,24.4,23.92233355112984,0.47766644887015985,1.9576493806154096,Mid-Range ($15-25K),Fair Price,Low,New,76.35557686023364
0.21409,22.0,5.86,0,0.431,6.438,8.9,7.3967,7,330,19.1,3.59,24.8,26.17742313031845,-1.3774231303184479,-5.5541255254776125,Mid-Range ($15-25K),Fair Price,Low,New,76.32240158788304
0.08221,22.0,5.86,0,0.431,6.957,6.8,8.9067,7,330,19.1,3.53,29.6,31.522418043227542,-1.922418043227541,-6.494655551444395,Premium ($25-35K),Fair Price,Low,New,76.381693563999
0.36894,22.0,5.86,0,0.431,8.259,8.4,8.9067,7,330,19.1,3.54,42.8,41.9789591131847,0.8210408868152967,1.9183198290077026,Luxury (>$35K),Fair Price,Low,New,76.25278252129556
0.04819,80.0,3.64,0,0.392,6.108,32.0,9.2203,1,315,16.4,6.57,21.9,22.526083874797106,-0.6260838747971071,-2.8588304785256033,Mid-Range ($15-25K),Fair Price,Low,New,87.42141731190468
0.03548,80.0,3.64,0,0.392,5.876,19.1,9.2203,1,315,16.4,9.25,20.9,19.551183121917724,1.3488168780822747,6.453669273120932,Mid-Range ($15-25K),Fair Price,Low,New,87.42713160532622
0.01538,90.0,3.75,0,0.394,7.454,34.2,6.3361,3,244,15.9,3.11,44.0,43.42854004724176,0.5714599527582394,1.2987726199050893,Luxury (>$35K),Fair Price,Low,New,88.90845626220435
0.61154,20.0,3.97,0,0.647,8.704,86.9,1.801,5,264,13.0,5.12,50.0,49.642617083244765,0.3573829167552347,0.7147658335104694,Luxury (>$35K),Fair Price,Low,Old,82.27846367404089
0.66351,20.0,3.97,0,0.647,7.333,100.0,1.8946,5,264,13.0,7.79,36.0,35.424081165158356,0.5759188348416444,1.59977454122679,Luxury (>$35K),Fair Price,Low,Old,82.2550984632527
0.65665,20.0,3.97,0,0.647,6.842,100.0,2.0107,5,264,13.0,6.9,30.1,30.92279536740756,-0.8227953674075579,-2.733539426603182,Premium ($25-35K),Fair Price,Low,Old,82.25818265309313
0.54011,20.0,3.97,0,0.647,7.203,81.8,2.1121,5,264,13.0,9.59,33.8,34.37893177953671,-0.5789317795367097,-1.7128159157890823,Premium ($25-35K),Fair Price,Low,Old,82.31057791315192
0.53412,20.0,3.97,0,0.647,7.52,89.4,2.1398,5,264,13.0,7.26,43.1,43.81250199662268,-0.7125019966226773,-1.6531368831152606,Luxury (>$35K),Fair Price,Low,Old,82.31327095938285
0.52014,20.0,3.97,0,0.647,8.398,91.5,2.2885,5,264,13.0,5.91,48.8,47.64058721383211,1.1594127861678842,2.375845873294845,Luxury (>$35K),Fair Price,Low,Old,82.3195562325562
0.82526,20.0,3.97,0,0.647,7.327,94.5,2.0788,5,264,13.0,11.25,31.0,31.945040645026832,-0.9450406450268325,-3.0485182097639756,Premium ($25-35K),Fair Price,Low,Old,82.18237722321057
0.55007,20.0,3.97,0,0.647,7.206,91.6,1.9301,5,264,13.0,8.1,36.5,35.32207155534051,1.1779284446594929,3.2272012182451864,Luxury (>$35K),Fair Price,Low,Old,82.30609999320868
0.76162,20.0,3.97,0,0.647,5.56,62.8,1.9865,5,264,13.0,10.45,22.8,22.28320182958032,0.5167981704196798,2.2666586421915778,Mid-Range ($15-25K),Fair Price,Low,Medium,82.21098915345033
0.7857,20.0,3.97,0,0.647,7.014,84.6,2.1329,5,264,13.0,14.79,30.7,28.81397608858297,1.8860239114170305,6.143400362921923,Premium ($25-35K),Fair Price,Low,Old,82.20016301768393
0.57834,20.0,3.97,0,0.575,8.297,67.0,2.4216,5,264,13.0,7.44,50.0,48.49609771898016,1.5039022810198404,3.0078045620396807,Luxury (>$35K),Fair Price,Low,Medium,86.73783451829615
0.5405,20.0,3.97,0,0.575,7.47,52.6,2.872,5,264,13.0,3.16,43.5,49.12425184073234,-5.624251840732342,-12.929314576396186,Luxury (>$35K),Overpriced,Low,Medium,86.75484701735763
0.09065,20.0,6.96,1,0.464,5.92,61.5,3.9175,3,223,18.6,13.65,20.7,21.89616278251941,-1.196162782519412,-5.778564166760445,Mid-Range ($15-25K),Fair Price,Low,Medium,75.93660666521052
0.29916,20.0,6.96,0,0.464,5.856,42.1,4.429,3,223,18.6,13.0,21.1,21.498135922534207,-0.3981359225342054,-1.886900106797182,Mid-Range ($15-25K),Fair Price,Low,Medium,75.84286258013364
0.16211,20.0,6.96,0,0.464,6.24,16.3,4.429,3,223,18.6,6.59,25.2,25.13677177665442,0.06322822334557898,0.250905648196742,Premium ($25-35K),Fair Price,Low,New,75.9044789383888
0.1146,20.0,6.96,0,0.464,6.538,58.7,3.9175,3,223,18.6,7.73,24.4,23.8487727301497,0.5512272698502976,2.2591281551241704,Mid-Range ($15-25K),Fair Price,Low,Medium,75.92583897619036
0.22188,20.0,6.96,1,0.464,7.691,51.8,4.3665,3,223,18.6,6.58,35.2,35.74220407289959,-0.5422040728995867,-1.5403524798283712,Luxury (>$35K),Fair Price,Low,Medium,75.87760692282579
0.05644,40.0,6.41,1,0.447,6.758,32.9,4.0776,4,254,17.6,3.53,32.4,30.231069171255815,2.168930828744184,6.694230952914149,Premium ($25-35K),Fair Price,Low,New,80.19285922903214
0.09604,40.0,6.41,0,0.447,6.854,42.8,4.2673,4,254,17.6,2.98,32.0,32.265649563595716,-0.2656495635957157,-0.8301548862366115,Premium ($25-35K),Fair Price,Low,Medium,80.17505545094454
0.10469,40.0,6.41,1,0.447,7.267,49.0,4.7872,4,254,17.6,6.05,33.2,33.2962537064506,-0.09625370645059661,-0.28992080256203795,Premium ($25-35K),Fair Price,Low,Medium,80.17116649436733
0.06127,40.0,6.41,1,0.447,6.826,27.6,4.8628,4,254,17.6,4.16,33.1,31.352152200676656,1.7478477993233454,5.28050694659621,Premium ($25-35K),Fair Price,Low,New,80.19068770761388
0.07978,40.0,6.41,0,0.447,6.482,32.1,4.1403,4,254,17.6,7.19,29.1,25.294778197155683,3.8052218028443185,13.076363583657452,Premium ($25-35K),Underpriced,Low,New,80.182365790129
0.21038,20.0,3.33,0,0.4429,6.812,32.2,4.1007,5,216,14.9,4.85,35.1,35.679875391321346,-0.5798753913213446,-1.6520666419411527,Luxury (>$35K),Fair Price,Low,New,88.99375698601722
0.03578,20.0,3.33,0,0.4429,7.82,64.5,4.6947,5,216,14.9,3.76,45.4,45.7648975147712,-0.3648975147712008,-0.8037390193198256,Luxury (>$35K),Fair Price,Low,Medium,89.07225546213071
0.03705,20.0,3.33,0,0.4429,6.968,37.2,5.2447,5,216,14.9,4.59,35.4,36.756353473717425,-1.3563534737174265,-3.8315069879023347,Luxury (>$35K),Fair Price,Low,Medium,89.07168448237891
0.06129,20.0,3.33,1,0.4429,7.645,49.7,5.2119,5,216,14.9,3.01,46.0,45.680936963572115,0.3190630364278846,0.6936152965823578,Luxury (>$35K),Fair Price,Low,Medium,89.0607864121556
0.01501,90.0,1.21,1,0.401,7.923,24.8,5.885,1,198,13.6,3.16,50.0,49.3795581734866,0.6204418265133995,1.240883653026799,Luxury (>$35K),Fair Price,Low,New,95.81694937711877
0.00906,90.0,2.97,0,0.4,7.088,20.8,7.3073,1,285,15.3,7.85,32.2,31.29306737852515,0.9069326214748514,2.8165609362573023,Premium ($25-35K),Fair Price,Low,New,90.45582091990357
0.01096,55.0,2.25,0,0.389,6.453,31.9,7.3073,1,300,15.3,8.23,22.0,22.5563185639269,-0.5563185639269008,-2.528720745122276,Mid-Range ($15-25K),Fair Price,Low,New,91.13397904390668
0.01965,80.0,1.76,0,0.385,6.23,31.5,9.0892,1,241,18.2,12.93,20.1,20.55435670522764,-0.4543567052276387,-2.2604811205355158,Mid-Range ($15-25K),Fair Price,Low,New,82.12166653502598
0.03871,52.5,5.32,0,0.405,6.209,31.3,7.3172,6,293,16.6,7.14,23.2,23.207384662923545,-0.007384662923545449,-0.03183044363597176,Mid-Range ($15-25K),Fair Price,Low,New,85.98491242033425
0.0459,52.5,5.32,0,0.405,6.315,45.6,7.3172,6,293,16.6,7.6,22.3,23.023475301309286,-0.7234753013092856,-3.244283862373478,Mid-Range ($15-25K),Fair Price,Low,Medium,85.98167986567644
0.04297,52.5,5.32,0,0.405,6.565,22.9,7.3172,6,293,16.6,9.51,24.8,24.048792938838655,0.7512070611613453,3.0290607304892956,Mid-Range ($15-25K),Fair Price,Low,New,85.98299716541878
0.03502,80.0,4.95,0,0.411,6.861,27.9,5.1167,4,245,19.2,3.33,28.5,32.18245017185719,-3.682450171857191,-12.920877795990144,Premium ($25-35K),Overpriced,Low,New,77.31832869795107
0.07886,80.0,4.95,0,0.411,7.148,27.7,5.1167,4,245,19.2,3.56,37.3,35.42406444738554,1.8759355526144574,5.0293178354275,Luxury (>$35K),Fair Price,Low,New,77.29861865675511
0.03615,80.0,4.95,0,0.411,6.63,23.4,5.1167,4,245,19.2,4.7,27.9,27.5909874273587,0.3090125726412971,1.1075719449508858,Premium ($25-35K),Fair Price,Low,New,77.31782066084908
0.08265,0.0,13.92,0,0.437,6.127,18.4,5.5027,4,289,16.0,8.58,23.9,23.97422264384454,-0.0742226438445428,-0.3105549951654511,Mid-Range ($15-25K),Fair Price,Low,New,85.9047423951487
0.08199,0.0,13.92,0,0.437,6.009,42.3,5.5027,4,289,16.0,10.4,21.7,21.942894923629414,-0.24289492362941445,-1.1193314452968408,Mid-Range ($15-25K),Fair Price,Low,Medium,85.90503912478349
0.12932,0.0,13.92,0,0.437,6.678,31.1,5.9604,4,289,16.0,6.27,28.6,27.86981115832791,0.7301888416720921,2.553107838014308,Premium ($25-35K),Fair Price,Low,New,85.88376001324596
0.05372,0.0,13.92,0,0.437,6.549,51.0,5.9604,4,289,16.0,7.39,27.1,25.75825911739185,1.3417408826081498,4.951073367557749,Premium ($25-35K),Fair Price,Low,Medium,85.91774904414046
0.14103,0.0,13.92,0,0.437,5.79,58.0,6.32,4,289,16.0,15.84,20.3,20.091094196722505,0.20890580327749575,1.0290926269827376,Mid-Range ($15-25K),Fair Price,Low,Medium,85.87849531018017
0.06466,70.0,2.24,0,0.4,6.345,20.1,7.8278,5,358,14.8,4.97,22.5,23.17293814255548,-0.6729381425554806,-2.9908361891354693,Mid-Range ($15-25K),Fair Price,Low,New,92.02656837697509
0.05561,70.0,2.24,0,0.4,7.041,10.0,7.8278,5,358,14.8,4.74,29.0,30.41831955232257,-1.4183195523225685,-4.890757076974374,Premium ($25-35K),Fair Price,Low,New,92.0306371696946
0.04417,70.0,2.24,0,0.4,6.871,47.4,7.8278,5,358,14.8,6.07,24.8,25.776291005180106,-0.976291005180105,-3.936657278952036,Mid-Range ($15-25K),Fair Price,Low,Medium,92.03578048336436
0.03537,34.0,6.09,0,0.433,6.59,40.4,5.4917,7,329,16.1,9.5,22.0,24.437417784813334,-2.4374177848133343,-11.079171749151518,Mid-Range ($15-25K),Fair Price,Low,Medium,85.85376367124513
0.09266,34.0,6.09,0,0.433,6.495,18.4,5.4917,7,329,16.1,8.67,26.4,23.95783802080943,2.442161979190569,9.250613557540035,Premium ($25-35K),Fair Price,Low,New,85.82800663976437
0.1,34.0,6.09,0,0.433,6.982,17.7,5.4917,7,329,16.1,4.86,33.1,33.37563793348209,-0.27563793348208776,-0.8327430014564584,Premium ($25-35K),Fair Price,Low,New,85.82470664655318
0.05515,33.0,2.18,0,0.472,7.236,41.1,4.022,7,222,18.4,6.93,36.1,35.115467687797725,0.9845323122022762,2.727236321889962,Luxury (>$35K),Fair Price,Low,Medium,76.09703783468615
0.05479,33.0,2.18,0,0.472,6.616,58.1,3.37,7,222,18.4,8.93,28.4,28.41909530970714,-0.019095309707140018,-0.06723700601105641,Premium ($25-35K),Fair Price,Low,Medium,76.09719968721421
0.07503,33.0,2.18,0,0.472,7.42,71.9,3.0992,7,222,18.4,6.47,33.4,34.05796631584055,-0.6579663158405538,-1.969959029462736,Premium ($25-35K),Fair Price,Low,Old,76.0880999784139
0.04932,33.0,2.18,0,0.472,6.849,70.3,3.1827,7,222,18.4,7.53,28.2,30.18003743665787,-1.9800374366578701,-7.021409349850603,Premium ($25-35K),Fair Price,Low,Old,76.09965894646015
0.49298,0.0,9.9,0,0.544,6.635,82.5,3.3175,4,304,18.4,4.54,22.8,25.615103526440848,-2.815103526440847,-12.346945291407224,Mid-Range ($15-25K),Fair Price,Low,Old,71.45574924478484
0.3494,0.0,9.9,0,0.544,5.972,76.7,3.1025,4,304,18.4,9.97,20.3,20.173172310713145,0.12682768928685562,0.6247669422997812,Mid-Range ($15-25K),Fair Price,Low,Old,71.52030142806305
2.63548,0.0,9.9,0,0.544,4.973,37.8,2.5194,4,304,18.4,12.64,16.1,19.274928244459293,-3.1749282444592914,-19.720051207821683,Mid-Range ($15-25K),Overpriced,Medium,Medium,70.49250190759612
0.79041,0.0,9.9,0,0.544,6.122,52.8,2.6403,4,304,18.4,5.98,22.1,23.604517536265146,-1.5045175362651442,-6.8077716573083435,Mid-Range ($15-25K),Fair Price,Low,Medium,71.3220275852749
0.26169,0.0,9.9,0,0.544,6.023,90.4,2.834,4,304,18.4,11.72,19.4,20.173172310713145,-0.7731723107131465,-3.9854242820265284,Mid-Range ($15-25K),Fair Price,Low,Old,71.55973499816565
0.26938,0.0,9.9,0,0.544,6.266,82.8,3.2628,4,304,18.4,7.9,21.6,21.72350875039672,-0.12350875039672005,-0.5717997703551854,Mid-Range ($15-25K),Fair Price,Low,Old,71.55627764832994
0.3692,0.0,9.9,0,0.544,6.567,87.3,3.6023,4,304,18.4,9.28,23.8,22.744533982838142,1.0554660171618586,4.434731164545624,Mid-Range ($15-25K),Fair Price,Low,Old,71.51139953901924
0.25356,0.0,9.9,0,0.544,5.705,77.7,3.945,4,304,18.4,11.5,16.2,19.167144123647947,-2.967144123647948,-18.315704466962643,Mid-Range ($15-25K),Fair Price,Low,Old,71.56339016775787
0.31827,0.0,9.9,0,0.544,5.914,83.2,3.9986,4,304,18.4,18.33,17.8,17.958314705031718,-0.1583147050317173,-0.8894084552343667,Mid-Range ($15-25K),Fair Price,Low,Old,71.53429717583745
0.24522,0.0,9.9,0,0.544,5.782,71.7,4.0317,4,304,18.4,15.94,19.8,18.844556775697683,0.9554432243023179,4.825470829809686,Mid-Range ($15-25K),Fair Price,Low,Old,71.5671397513248
0.40202,0.0,9.9,0,0.544,6.382,67.2,3.5325,4,304,18.4,10.36,23.1,21.27894779462434,1.8210522053756613,7.883342880414118,Mid-Range ($15-25K),Fair Price,Low,Medium,71.49664398354362
0.47547,0.0,9.9,0,0.544,6.113,58.8,4.0019,4,304,18.4,12.73,21.0,21.132881498054747,-0.13288149805474703,-0.6327690383559382,Mid-Range ($15-25K),Fair Price,Low,Medium,71.46362157191398
0.1676,0.0,7.38,0,0.493,6.426,52.3,4.5404,5,287,19.6,7.2,23.8,23.04026723967604,0.7597327603239599,3.192154455142689,Mid-Range ($15-25K),Fair Price,Low,Medium,70.92039786884351
0.18159,0.0,7.38,0,0.493,6.376,54.3,4.5404,5,287,19.6,6.87,23.1,22.914850981903776,0.18514901809622586,0.8015109008494626,Mid-Range ($15-25K),Fair Price,Low,Medium,70.9141080997666
0.35114,0.0,7.38,0,0.493,6.041,49.9,4.7211,5,287,19.6,7.7,20.4,21.13652269551835,-0.736522695518353,-3.6104053701880052,Mid-Range ($15-25K),Fair Price,Low,Medium,70.83788005494964
0.28392,0.0,7.38,0,0.493,5.708,74.3,4.7211,5,287,19.6,11.74,18.5,19.36299016663926,-0.8629901666392605,-4.66481171156357,Mid-Range ($15-25K),Fair Price,Low,Old,70.86810151866297
0.34109,0.0,7.38,0,0.493,6.415,40.1,4.7211,5,287,19.6,6.12,25.0,23.116755860166172,1.8832441398338275,7.532976559335309,Mid-Range ($15-25K),Fair Price,Low,Medium,70.8423984380249
0.19186,0.0,7.38,0,0.493,6.431,14.7,5.4159,5,287,19.6,5.08,24.6,25.627435211624938,-1.0274352116249368,-4.176565900914377,Mid-Range ($15-25K),Fair Price,Low,New,70.90949080681307
0.30347,0.0,7.38,0,0.493,6.312,28.9,5.4159,5,287,19.6,6.15,23.0,23.1563181412901,-0.15631814129010024,-0.6796440925656533,Mid-Range ($15-25K),Fair Price,Low,New,70.8593120272081
0.24103,0.0,7.38,0,0.493,6.083,43.7,5.4159,5,287,19.6,12.79,22.2,20.820728229382098,1.3792717706179012,6.21293590368424,Mid-Range ($15-25K),Fair Price,Low,Medium,70.88738444902097
0.06617,0.0,3.24,0,0.46,5.868,25.8,5.2146,4,430,16.9,9.97,19.3,19.933821700472233,-0.6338217004722324,-3.2840502615141576,Mid-Range ($15-25K),Fair Price,Low,New,81.62005813225974
0.06724,0.0,3.24,0,0.46,6.333,17.2,5.2146,4,430,16.9,7.34,22.6,23.718118042990756,-1.118118042990755,-4.947424968985641,Mid-Range ($15-25K),Fair Price,Low,New,81.6195770705791
0.04544,0.0,3.24,0,0.46,6.144,32.2,5.8736,4,430,16.9,9.09,19.8,21.742049893304937,-1.9420498933049366,-9.808332794469376,Mid-Range ($15-25K),Fair Price,Low,New,81.6293781403344
0.05023,35.0,6.06,0,0.4379,5.706,28.4,6.6407,1,304,16.9,12.43,17.1,17.924209215554853,-0.8242092155548519,-4.819936933069309,Mid-Range ($15-25K),Fair Price,Low,New,82.99142213339456
0.03466,35.0,6.06,0,0.4379,6.031,23.3,6.6407,1,304,16.9,7.83,19.4,20.061243296584284,-0.6612432965842849,-3.4084706009499226,Mid-Range ($15-25K),Fair Price,Low,New,82.99842225523355
0.05083,0.0,5.19,0,0.515,6.316,38.1,6.4584,5,224,20.2,5.68,22.2,22.00903032450043,0.19096967549957,0.8602237635115766,Mid-Range ($15-25K),Fair Price,Low,Medium,67.69997822630481
0.03738,0.0,5.19,0,0.515,6.31,38.5,6.4584,5,224,20.2,6.75,20.7,22.00903032450043,-1.30903032450043,-6.323817992755701,Mid-Range ($15-25K),Fair Price,Low,Medium,67.70602521658961
0.03961,0.0,5.19,0,0.515,6.037,34.5,5.9853,5,224,20.2,8.01,21.1,20.399119115495996,0.7008808845040058,3.321710353099553,Mid-Range ($15-25K),Fair Price,Low,New,67.7050226300963
0.03427,0.0,5.19,0,0.515,5.869,46.3,5.2311,5,224,20.2,9.8,19.5,19.31803571165272,0.18196428834728096,0.9331501966527229,Mid-Range ($15-25K),Fair Price,Low,Medium,67.707423442596
0.03041,0.0,5.19,0,0.515,5.895,59.6,5.615,5,224,20.2,10.56,18.5,19.14761223281497,-0.6476122328149714,-3.50060666386471,Mid-Range ($15-25K),Fair Price,Low,Medium,67.70915886136918
0.03306,0.0,5.19,0,0.515,6.059,37.3,4.8122,5,224,20.2,8.51,20.6,20.439341742891653,0.16065825710834858,0.7798944519822746,Mid-Range ($15-25K),Fair Price,Low,Medium,67.70796744692645
0.05497,0.0,5.19,0,0.515,5.985,45.4,4.8122,5,224,20.2,9.74,19.0,19.74440187555339,-0.7444018755533897,-3.917904608175735,Mid-Range ($15-25K),Fair Price,Low,Medium,67.69811692223203
0.06151,0.0,5.19,0,0.515,5.968,58.5,4.8122,5,224,20.2,9.29,18.7,20.05299006491539,-1.3529900649153923,-7.2352409888523646,Mid-Range ($15-25K),Fair Price,Low,Medium,67.69517660130543
0.01301,35.0,1.52,0,0.442,7.241,49.3,7.0379,1,284,15.5,5.49,32.7,32.11887031985922,0.5811296801407835,1.7771549851400104,Premium ($25-35K),Fair Price,Low,Medium,87.22315457306536
0.02498,0.0,1.89,0,0.518,6.54,59.7,6.2669,1,422,15.9,8.65,16.5,18.822803835293495,-2.322803835293495,-14.07759900177876,Mid-Range ($15-25K),Fair Price,Low,Medium,81.24981920713486
0.02543,55.0,3.78,0,0.484,6.696,56.4,5.7321,5,370,17.6,7.18,23.9,25.43697234467309,-1.5369723446730923,-6.430846630431349,Mid-Range ($15-25K),Fair Price,Low,Medium,77.92285040867992
0.03049,55.0,3.78,0,0.484,6.874,28.1,6.4654,5,370,17.6,4.61,31.2,31.476460557879633,-0.2764605578796342,-0.8860915316654943,Premium ($25-35K),Fair Price,Low,New,77.92057548147983
0.03113,0.0,4.39,0,0.442,6.014,48.5,8.0136,3,352,18.8,10.53,17.5,18.849380553088153,-1.349380553088153,-7.7107460176465885,Mid-Range ($15-25K),Fair Price,Low,Medium,76.6830931022022
0.06162,0.0,4.39,0,0.442,5.898,52.3,8.0136,3,352,18.8,12.67,17.2,18.658737741722767,-1.4587377417227678,-8.481033382109116,Mid-Range ($15-25K),Fair Price,Low,Medium,76.66938509225547
0.0187,85.0,4.15,0,0.429,6.516,27.7,8.5353,4,351,17.9,6.36,23.1,22.984890817623683,0.11510918237631884,0.49830814881523305,Mid-Range ($15-25K),Fair Price,Low,New,80.36349107165853
0.01501,80.0,2.01,0,0.435,6.635,29.7,8.344,4,280,17.0,5.99,24.5,24.771249923766888,-0.27124992376688795,-1.1071425459872977,Mid-Range ($15-25K),Fair Price,Low,New,82.86712011523278
0.02899,40.0,1.25,0,0.429,6.939,34.5,8.7921,1,335,19.7,5.89,26.6,26.563649156815064,0.03635084318493753,0.13665730520653208,Premium ($25-35K),Fair Price,Low,New,74.61418393583406
0.06211,40.0,1.25,0,0.429,6.49,44.4,8.7921,1,335,19.7,5.98,22.9,22.80113562039839,0.09886437960160777,0.43172218166640947,Mid-Range ($15-25K),Fair Price,Low,Medium,74.5992935032517
0.0795,60.0,1.69,0,0.411,6.579,35.9,10.7103,4,411,18.3,5.49,24.1,25.431257565932235,-1.3312575659322334,-5.523890315071508,Mid-Range ($15-25K),Fair Price,Low,Medium,80.17067134445935
0.07244,60.0,1.69,0,0.411,5.884,18.5,10.7103,4,411,18.3,7.79,18.6,19.721660103572,-1.1216601035719975,-6.030430664365578,Mid-Range ($15-25K),Fair Price,Low,New,80.17384545237093
0.01709,90.0,2.02,0,0.41,6.728,36.1,12.1265,5,187,17.0,4.5,30.1,30.453128581244197,-0.35312858124419577,-1.1731846552963314,Premium ($25-35K),Fair Price,Low,Medium,84.40939484383603
0.04301,80.0,1.91,0,0.413,5.663,21.9,10.5857,4,334,22.0,8.05,18.2,18.592384858744843,-0.39238485874484397,-2.1559607623343076,Mid-Range ($15-25K),Fair Price,Low,New,68.25510946811923
0.10659,80.0,1.91,0,0.413,5.936,19.5,10.5857,4,334,22.0,5.57,20.6,21.25279216469283,-0.6527921646928299,-3.1688940033632513,Mid-Range ($15-25K),Fair Price,Low,New,68.22652451330082
8.98296,0.0,18.1,1,0.77,6.212,97.4,2.1222,24,666,20.2,17.6,17.8,16.79216444042913,1.0078355595708715,5.661997525679053,Mid-Range ($15-25K),Fair Price,High,Old,47.9434379812824
3.8497,0.0,18.1,1,0.77,6.395,91.0,2.5052,24,666,20.2,13.27,21.7,20.300599090173296,1.3994009098267028,6.448852119017063,Mid-Range ($15-25K),Fair Price,Medium,Old,50.2513021708261
5.20177,0.0,18.1,1,0.77,6.127,83.4,2.7227,24,666,20.2,11.48,22.7,21.30772088447251,1.39227911552749,6.133388174129912,Mid-Range ($15-25K),Fair Price,High,Old,49.643424538530766
4.26131,0.0,18.1,0,0.77,6.112,81.3,2.5091,24,666,20.2,12.67,22.6,21.260026345504677,1.3399736544953242,5.92908696679347,Mid-Range ($15-25K),Fair Price,Medium,Old,50.06624628449693
4.54192,0.0,18.1,0,0.77,6.398,88.0,2.5182,24,666,20.2,7.79,25.0,23.666063531417862,1.333936468582138,5.335745874328552,Mid-Range ($15-25K),Fair Price,Medium,Old,49.94008673477066
3.83684,0.0,18.1,0,0.77,6.251,91.1,2.2955,24,666,20.2,14.19,19.9,20.055076976057535,-0.15507697605753634,-0.7792812867212882,Mid-Range ($15-25K),Fair Price,Medium,Old,50.257083902801014
3.67822,0.0,18.1,0,0.77,5.362,96.2,2.1036,24,666,20.2,10.19,20.8,19.507988497064865,1.2920115029351358,6.21159376411123,Mid-Range ($15-25K),Fair Price,Medium,Old,50.32839792502966
4.22239,0.0,18.1,1,0.77,5.803,89.0,1.9047,24,666,20.2,14.64,16.8,17.127668561099355,-0.3276685610993546,-1.9504081017818726,Mid-Range ($15-25K),Fair Price,Medium,Old,50.08374434114262
3.47428,0.0,18.1,1,0.718,8.78,82.9,1.9047,24,666,20.2,5.29,21.9,23.44913337515349,-1.5491333751534917,-7.0736683796963105,Mid-Range ($15-25K),Fair Price,Medium,Old,53.629963925390655
4.55587,0.0,18.1,0,0.718,3.561,87.9,1.6132,24,666,20.2,7.12,27.5,25.87469737115597,1.6253026288440289,5.910191377614651,Premium ($25-35K),Fair Price,Medium,Old,53.143691492517874
3.69695,0.0,18.1,0,0.718,4.963,91.4,1.7523,24,666,20.2,14.0,21.9,19.59513362808974,2.304866371910258,10.524503981325378,Mid-Range ($15-25K),Fair Price,Medium,Old,53.5298536408764
13.5222,0.0,18.1,0,0.631,3.863,100.0,1.5106,24,666,20.2,13.33,23.1,21.46700750599177,1.6329924940082314,7.06923157579321,Mid-Range ($15-25K),Fair Price,High,Old,54.482886368440006
4.89822,0.0,18.1,0,0.631,4.97,100.0,1.3325,24,666,20.2,3.26,50.0,49.07505319777841,0.9249468022215908,1.8498936044431817,Luxury (>$35K),Fair Price,Medium,Old,58.36014460459813
5.66998,0.0,18.1,1,0.631,6.683,96.8,1.3567,24,666,20.2,3.73,50.0,48.99156323149907,1.0084367685009283,2.0168735370018567,Luxury (>$35K),Fair Price,High,Old,58.013168751646546
6.53876,0.0,18.1,1,0.631,7.016,97.5,1.2024,24,666,20.2,2.96,50.0,48.2121338653314,1.7878661346685973,3.5757322693371942,Luxury (>$35K),Fair Price,High,Old,57.62257364238035
9.2323,0.0,18.1,0,0.631,6.216,100.0,1.1691,24,666,20.2,9.53,50.0,37.89844228207402,12.101557717925978,24.203115435851956,Luxury (>$35K),Underpriced,High,Old,56.41158403556061
8.26725,0.0,18.1,1,0.668,5.875,89.6,1.1296,24,666,20.2,8.88,50.0,48.400126733631296,1.5998732663687036,3.1997465327374073,Luxury (>$35K),Fair Price,High,Old,54.561510591090645
11.1081,0.0,18.1,0,0.668,4.906,100.0,1.1742,24,666,20.2,34.77,13.8,13.292775104829625,0.507224895170376,3.6755427186259126,Budget (<$15K),Fair Price,High,Old,53.284291828965756
18.4982,0.0,18.1,0,0.668,4.138,100.0,1.137,24,666,20.2,37.97,13.8,13.498579271585898,0.3014207284141026,2.184208176913787,Budget (<$15K),Fair Price,High,Old,49.96177414095718
19.6091,0.0,18.1,0,0.671,7.313,97.9,1.3163,24,666,20.2,13.44,15.0,19.583653503217022,-4.583653503217022,-30.55769002144681,Budget (<$15K),Overpriced,High,Old,49.277139029572254
15.288,0.0,18.1,0,0.671,6.649,93.3,1.3449,24,666,20.2,23.24,13.9,13.364632457997795,0.5353675420022057,3.8515650503755805,Budget (<$15K),Fair Price,High,Old,51.219863915792175
9.82349,0.0,18.1,0,0.671,6.794,98.8,1.358,24,666,20.2,21.24,13.3,13.335515351142089,-0.035515351142088036,-0.2670327153540454,Budget (<$15K),Fair Price,High,Old,53.676654910677186
23.6482,0.0,18.1,0,0.671,6.38,96.2,1.3861,24,666,20.2,23.69,13.1,11.877710798416903,1.2222892015830968,9.330451920481655,Budget (<$15K),Fair Price,High,Old,47.46119862367309
17.8667,0.0,18.1,0,0.671,6.223,100.0,1.3861,24,666,20.2,21.78,10.2,12.049724681908792,-1.8497246819087927,-18.134555704988166,Budget (<$15K),Fair Price,High,Old,50.06050526542646
88.9762,0.0,18.1,0,0.671,6.968,91.9,1.4165,24,666,20.2,17.21,10.4,11.325246886974522,-0.9252468869745218,-8.896604682447325,Budget (<$15K),Fair Price,High,Old,18.090359863409503
15.8744,0.0,18.1,0,0.671,6.545,99.1,1.5192,24,666,20.2,21.08,10.9,12.707042896261948,-1.8070428962619474,-16.578375195063735,Budget (<$15K),Fair Price,High,Old,50.956224131181926
9.18702,0.0,18.1,0,0.7,5.536,100.0,1.5804,24,666,20.2,23.6,11.3,11.333301581727227,-0.03330158172722619,-0.2947042630727982,Budget (<$15K),Fair Price,High,Old,52.17268222760959
7.99248,0.0,18.1,0,0.7,5.52,100.0,1.5331,24,666,20.2,24.56,12.3,11.728538528203494,0.571461471796507,4.646028225987861,Budget (<$15K),Fair Price,High,Old,52.709735891164044
20.0849,0.0,18.1,0,0.7,4.368,91.2,1.4395,24,666,20.2,30.63,8.8,8.660263103323025,0.13973689667697542,1.5879192804201752,Budget (<$15K),Fair Price,High,Old,47.273100481517545
16.8118,0.0,18.1,0,0.7,5.277,98.1,1.4261,24,666,20.2,30.81,7.2,8.364250727424269,-1.1642507274242684,-16.17014899200373,Budget (<$15K),Fair Price,High,Old,48.74465467491423
24.3938,0.0,18.1,0,0.7,4.652,100.0,1.4672,24,666,20.2,28.28,10.5,10.040061853269336,0.45993814673066424,4.380363302196803,Budget (<$15K),Fair Price,High,Old,45.33586059763774
22.5971,0.0,18.1,0,0.7,5.0,89.5,1.5184,24,666,20.2,31.99,7.4,7.873366082397406,-0.47336608239740574,-6.396838951316293,Budget (<$15K),Fair Price,High,Old,46.14363958980903
14.3337,0.0,18.1,0,0.7,4.88,100.0,1.5895,24,666,20.2,30.62,10.2,9.013896799529958,1.1861032004700416,11.62846274970629,Budget (<$15K),Fair Price,High,Old,49.858784535491765
8.15174,0.0,18.1,0,0.7,5.39,98.9,1.7281,24,666,20.2,20.85,11.5,11.2078049868718,0.2921950131282003,2.5408262011147853,Budget (<$15K),Fair Price,High,Old,52.63813413110772
6.96215,0.0,18.1,0,0.7,5.713,97.0,1.9265,24,666,20.2,17.11,15.1,14.385057199038568,0.7149428009614311,4.734720536168418,Mid-Range ($15-25K),Fair Price,High,Old,53.17296232240122
5.29305,0.0,18.1,0,0.7,6.051,82.5,2.1678,24,666,20.2,18.76,23.2,17.547458583297836,5.652541416702164,24.364402658198983,Mid-Range ($15-25K),Underpriced,High,Old,53.92337358517914
11.5779,0.0,18.1,0,0.7,5.036,97.0,1.77,24,666,20.2,25.68,9.7,10.465631680623527,-0.7656316806235282,-7.89311010952091,Budget (<$15K),Fair Price,High,Old,51.09776563786034
8.64476,0.0,18.1,0,0.693,6.193,92.6,1.7912,24,666,20.2,15.17,13.8,14.89785042280297,-1.0978504228029689,-7.955437846398325,Budget (<$15K),Fair Price,High,Old,52.84857585934925
13.3598,0.0,18.1,0,0.693,5.887,94.7,1.7821,24,666,20.2,16.35,12.7,13.54190121963866,-0.841901219638661,-6.629143461721741,Budget (<$15K),Fair Price,High,Old,50.72873934838621
8.71675,0.0,18.1,0,0.693,6.471,98.8,1.7257,24,666,20.2,17.12,13.1,14.165861358925314,-1.0658613589253143,-8.136346251338278,Budget (<$15K),Fair Price,High,Old,52.816209849639
5.87205,0.0,18.1,0,0.693,6.405,96.0,1.6768,24,666,20.2,19.37,12.5,14.301059049282157,-1.8010590492821574,-14.40847239425726,Budget (<$15K),Fair Price,High,Old,54.09515953463352
7.67202,0.0,18.1,0,0.693,5.747,98.9,1.6334,24,666,20.2,19.92,8.5,10.989731553764999,-2.489731553764999,-29.29095945605881,Budget (<$15K),Fair Price,High,Old,53.285910381998946
38.3518,0.0,18.1,0,0.693,5.453,100.0,1.4896,24,666,20.2,30.59,5.0,6.025552761780844,-1.025552761780844,-20.51105523561688,Budget (<$15K),Fair Price,High,Old,39.49257717754818
9.91655,0.0,18.1,0,0.693,5.852,77.8,1.5004,24,666,20.2,29.97,6.3,8.287441586868729,-1.9874415868687292,-31.546691855059194,Budget (<$15K),Fair Price,High,Old,52.27679134081332
25.0461,0.0,18.1,0,0.693,5.987,100.0,1.5888,24,666,20.2,26.77,5.6,7.058796060356219,-1.4587960603562191,-26.0499296492182,Budget (<$15K),Fair Price,High,Old,45.474691574015836
14.2362,0.0,18.1,0,0.693,6.343,100.0,1.5741,24,666,20.2,20.32,7.2,9.313508496557475,-2.1135084965574746,-29.35428467440937,Budget (<$15K),Fair Price,High,Old,50.33471836060923
9.59571,0.0,18.1,0,0.693,6.404,100.0,1.639,24,666,20.2,20.31,12.1,11.36511830233634,0.7348816976636598,6.073402460030247,Budget (<$15K),Fair Price,High,Old,52.4210379105513
24.8017,0.0,18.1,0,0.693,5.349,96.0,1.7028,24,666,20.2,19.77,8.3,9.158247954060947,-0.8582479540609462,-10.340336795915015,Budget (<$15K),Fair Price,High,Old,45.58457145696049
41.5292,0.0,18.1,0,0.693,5.531,85.4,1.6074,24,666,20.2,27.38,8.5,8.411252769348085,0.08874723065191503,1.044085066493118,Budget (<$15K),Fair Price,High,Old,38.06404878119651
67.9208,0.0,18.1,0,0.693,5.683,100.0,1.4254,24,666,20.2,22.98,5.0,6.710707797757706,-1.7107077977577063,-34.214155955154126,Budget (<$15K),Fair Price,High,Old,26.198639948454456
20.7162,0.0,18.1,0,0.659,4.138,100.0,1.1781,24,666,20.2,23.34,11.9,12.728277728524366,-0.8282777285243661,-6.960317046423244,Budget (<$15K),Fair Price,High,Old,49.52013828746509
11.9511,0.0,18.1,0,0.659,5.608,100.0,1.2852,24,666,20.2,12.13,27.9,27.948460516299345,-0.04846051629934678,-0.17369360680769455,Premium ($25-35K),Fair Price,High,Old,53.46084271462628
7.40389,0.0,18.1,0,0.597,5.617,97.9,1.4547,24,666,20.2,26.4,17.2,14.400902064711124,2.7990979352888754,16.27382520516788,Mid-Range ($15-25K),Fair Price,High,Old,59.332384970011404
14.4383,0.0,18.1,0,0.597,6.852,100.0,1.4655,24,666,20.2,19.78,27.5,23.624943180712908,3.8750568192870922,14.091115706498517,Premium ($25-35K),Underpriced,High,Old,56.169782075638615
51.1358,0.0,18.1,0,0.597,5.757,100.0,1.413,24,666,20.2,10.11,15.0,15.938468084819645,-0.9384680848196449,-6.256453898797633,Budget (<$15K),Fair Price,High,Old,39.67093999559984
14.0507,0.0,18.1,0,0.597,6.657,100.0,1.5275,24,666,20.2,21.22,17.2,17.732147047771857,-0.5321470477718577,-3.0938781847201033,Mid-Range ($15-25K),Fair Price,High,Old,56.34404329752629
18.811,0.0,18.1,0,0.597,4.628,100.0,1.5539,24,666,20.2,34.37,17.9,13.84159045548438,4.058409544515619,22.672679019640334,Mid-Range ($15-25K),Underpriced,High,Old,54.20385832706213
28.6558,0.0,18.1,0,0.597,5.155,100.0,1.5894,24,666,20.2,20.08,16.3,14.0161752159805,2.283824784019501,14.011194993984668,Mid-Range ($15-25K),Fair Price,High,Old,49.777731192800516
45.7461,0.0,18.1,0,0.693,4.519,100.0,1.6582,24,666,20.2,36.98,7.0,8.451162870663525,-1.4511628706635253,-20.730898152336078,Budget (<$15K),Fair Price,High,Old,36.168171210045465
18.0846,0.0,18.1,0,0.679,6.434,100.0,1.8347,24,666,20.2,29.05,7.2,8.055079073446963,-0.8550790734469631,-11.876098242318932,Budget (<$15K),Fair Price,High,Old,49.468712366415275
10.8342,0.0,18.1,0,0.679,6.782,90.8,1.8195,24,666,20.2,25.79,7.5,8.936079317205584,-1.436079317205584,-19.147724229407785,Budget (<$15K),Fair Price,High,Old,52.72842228172594
25.9406,0.0,18.1,0,0.679,5.304,89.1,1.6475,24,666,20.2,26.64,10.4,8.14096683667834,2.2590331633216607,21.721472724246738,Budget (<$15K),Fair Price,High,Old,45.93673053166401
73.5341,0.0,18.1,0,0.679,5.957,100.0,1.8026,24,666,20.2,20.62,8.8,8.176773809649177,0.6232261903508238,7.08211579944118,Budget (<$15K),Fair Price,High,Old,24.539151935402003
11.8123,0.0,18.1,0,0.718,6.824,76.5,1.794,24,666,20.2,22.74,8.4,10.333002969918661,-1.933002969918661,-23.011940118079295,Budget (<$15K),Fair Price,High,Old,49.88127054736205
11.0874,0.0,18.1,0,0.718,6.411,100.0,1.8589,24,666,20.2,15.02,16.7,15.059418822746853,1.6405811772531464,9.82383938474938,Mid-Range ($15-25K),Fair Price,High,Old,50.20717859624331
7.02259,0.0,18.1,0,0.718,6.006,95.3,1.8746,24,666,20.2,15.7,14.2,15.272881730906246,-1.0728817309062464,-7.5555051472270875,Budget (<$15K),Fair Price,High,Old,52.03467797018874
12.0482,0.0,18.1,0,0.614,5.648,87.6,1.9512,24,666,20.2,14.1,20.8,19.323665593321557,1.4763344066784434,7.097761570569439,Mid-Range ($15-25K),Fair Price,High,Old,56.194965268861
7.05042,0.0,18.1,0,0.614,6.103,85.1,2.0218,24,666,20.2,23.29,13.4,12.317770165699002,1.082229834300998,8.076342047022372,Budget (<$15K),Fair Price,High,Old,58.44191895700804
8.79212,0.0,18.1,0,0.584,5.565,70.6,2.0635,24,666,20.2,17.16,11.7,13.70922083836579,-2.00922083836579,-17.172827678340088,Budget (<$15K),Fair Price,High,Old,59.51071928625472
15.8603,0.0,18.1,0,0.679,5.896,95.4,1.9096,24,666,20.2,24.39,8.3,9.316994594131865,-1.016994594131864,-12.252946917251375,Budget (<$15K),Fair Price,High,Old,50.46873619470413
12.2472,0.0,18.1,0,0.584,5.837,59.7,1.9976,24,666,20.2,15.69,10.2,13.714214764858498,-3.514214764858499,-34.45308592998529,Budget (<$15K),Overpriced,High,Medium,57.957348639919125
37.6619,0.0,18.1,0,0.679,6.202,78.7,1.8629,24,666,20.2,14.52,10.9,11.994045588116299,-1.0940455881162983,-10.037115487305488,Budget (<$15K),Fair Price,High,Old,40.66694709484247
7.36711,0.0,18.1,0,0.679,6.193,78.1,1.9356,24,666,20.2,21.52,11.0,11.671521629391258,-0.6715216293912576,-6.10474208537507,Budget (<$15K),Fair Price,High,Old,54.28719250823406
9.33889,0.0,18.1,0,0.679,6.38,95.6,1.9682,24,666,20.2,24.08,9.5,10.326622950400772,-0.8266229504007718,-8.701294214744966,Budget (<$15K),Fair Price,High,Old,53.400699236578525
8.49213,0.0,18.1,0,0.584,6.348,86.1,2.0527,24,666,20.2,17.64,14.5,15.032284458692047,-0.5322844586920468,-3.6709273013244608,Budget (<$15K),Fair Price,High,Old,59.64559189707537
10.0623,0.0,18.1,0,0.584,6.833,94.3,2.0882,24,666,20.2,19.69,14.1,15.87359080273298,-1.773590802732981,-12.578658175411213,Budget (<$15K),Fair Price,High,Old,58.939658608191536
6.44405,0.0,18.1,0,0.584,6.425,74.8,2.2004,24,666,20.2,12.03,16.1,19.195794300741635,-3.095794300741634,-19.228536029451142,Mid-Range ($15-25K),Overpriced,High,Old,60.56638891287442
5.58107,0.0,18.1,0,0.713,6.436,87.9,2.3158,24,666,20.2,16.22,14.3,16.012838155528836,-1.7128381555288357,-11.977889199502346,Budget (<$15K),Fair Price,High,Old,52.99141343511431
13.9134,0.0,18.1,0,0.713,6.208,95.0,2.2222,24,666,20.2,15.17,11.7,13.886702759740599,-2.1867027597405997,-18.689767177270085,Budget (<$15K),Fair Price,High,Old,49.245278226209905
11.1604,0.0,18.1,0,0.74,6.629,94.6,2.1247,24,666,20.2,23.27,13.4,12.431381041090116,0.9686189589098841,7.228499693357344,Budget (<$15K),Fair Price,High,Old,48.81633380891573
14.4208,0.0,18.1,0,0.74,6.461,93.3,2.0026,24,666,20.2,18.05,9.6,12.995397140650105,-3.395397140650106,-35.36872021510527,Budget (<$15K),Overpriced,High,Old,47.35048941303703
15.1772,0.0,18.1,0,0.74,6.152,100.0,1.9142,24,666,20.2,26.45,8.7,8.59691645344857,0.1030835465514297,1.1848683511658586,Budget (<$15K),Fair Price,High,Old,47.01041926794973
13.6781,0.0,18.1,0,0.74,5.935,87.9,1.8206,24,666,20.2,34.02,8.4,8.33178311827712,0.06821688172288098,0.8121057347962022,Budget (<$15K),Fair Price,High,Old,47.6844001702506
9.39063,0.0,18.1,0,0.74,5.627,93.9,1.8172,24,666,20.2,22.88,12.8,11.691432972585451,1.1085670274145496,8.660679901676168,Budget (<$15K),Fair Price,High,Old,49.61200533280673
22.0511,0.0,18.1,0,0.74,5.818,92.4,1.8662,24,666,20.2,22.11,10.5,9.420993268872843,1.0790067311271567,10.276254582163398,Budget (<$15K),Fair Price,High,Old,43.91998012157794
9.72418,0.0,18.1,0,0.74,6.406,97.2,2.0651,24,666,20.2,19.52,17.1,14.621429955954396,2.4785700440456058,14.494561661085411,Mid-Range ($15-25K),Fair Price,High,Old,49.462044469647196
5.66637,0.0,18.1,0,0.74,6.219,100.0,2.0048,24,666,20.2,16.59,18.4,15.663891025915131,2.7361089740848676,14.870157467852543,Mid-Range ($15-25K),Fair Price,High,Old,51.2863967111024
9.96654,0.0,18.1,0,0.74,6.485,100.0,1.9784,24,666,20.2,18.85,15.4,14.522223518500306,0.8777764814996942,5.699847282465547,Mid-Range ($15-25K),Fair Price,High,Old,49.35308175102827
12.8023,0.0,18.1,0,0.74,5.854,96.6,1.8956,24,666,20.2,23.79,10.8,10.437747020316865,0.3622529796831362,3.3541942563253353,Budget (<$15K),Fair Price,High,Old,48.07815140381413
10.6718,0.0,18.1,0,0.74,6.459,94.8,1.9879,24,666,20.2,23.98,11.8,11.254388482121064,0.5456115178789371,4.623826422702857,Budget (<$15K),Fair Price,High,Old,49.03600365673388
6.28807,0.0,18.1,0,0.74,6.341,96.4,2.072,24,666,20.2,17.79,14.9,16.052576070119688,-1.1525760701196877,-7.735409866575085,Budget (<$15K),Fair Price,High,Old,51.00688638693426
9.92485,0.0,18.1,0,0.74,6.251,96.6,2.198,24,666,20.2,16.44,12.6,14.713271145058535,-2.113271145058535,-16.771993214750278,Budget (<$15K),Fair Price,High,Old,49.371825172959376
9.32909,0.0,18.1,0,0.713,6.185,98.7,2.2616,24,666,20.2,18.13,14.1,15.064508569248263,-0.9645085692482631,-6.84048630672527,Budget (<$15K),Fair Price,High,Old,51.30633978996609
7.52601,0.0,18.1,0,0.713,6.417,98.3,2.185,24,666,20.2,19.31,13.0,13.564487924399796,-0.5644879243997956,-4.3422148030753505,Budget (<$15K),Fair Price,High,Old,52.11698716860704
6.71772,0.0,18.1,0,0.713,6.749,92.6,2.3236,24,666,20.2,17.44,13.4,14.497128651225635,-1.0971286512256349,-8.187527247952499,Budget (<$15K),Fair Price,High,Old,52.48038655725408
5.44114,0.0,18.1,0,0.713,6.655,98.2,2.3552,24,666,20.2,17.73,15.2,16.156762474879873,-0.9567624748798735,-6.294489966314957,Mid-Range ($15-25K),Fair Price,High,Old,53.05432461359405
5.09017,0.0,18.1,0,0.713,6.297,91.8,2.3682,24,666,20.2,17.27,16.1,16.012838155528836,0.08716184447116504,0.5413779159699692,Mid-Range ($15-25K),Fair Price,High,Old,53.212117340750694
8.24809,0.0,18.1,0,0.713,7.393,99.3,2.4527,24,666,20.2,16.74,17.8,16.933216375794334,0.8667836242056666,4.869570922503744,Mid-Range ($15-25K),Fair Price,High,Old,51.79234696452899
9.51363,0.0,18.1,0,0.713,6.728,94.1,2.4961,24,666,20.2,18.71,14.9,14.935174393553908,-0.03517439355390728,-0.23606975539535086,Budget (<$15K),Fair Price,High,Old,51.22337238571647
4.75237,0.0,18.1,0,0.713,6.525,86.5,2.4358,24,666,20.2,18.13,14.1,16.012838155528836,-1.9128381555288367,-13.566228053396006,Budget (<$15K),Fair Price,Medium,Old,53.36398896292215
4.66883,0.0,18.1,0,0.713,5.976,87.9,2.5806,24,666,20.2,19.01,12.7,16.053573486575978,-3.3535734865759785,-26.406090445480146,Budget (<$15K),Overpriced,Medium,Old,53.40154774124129
8.20058,0.0,18.1,0,0.713,5.936,80.3,2.7792,24,666,20.2,16.94,13.5,15.123676207520775,-1.6236762075207753,-12.027231166820558,Budget (<$15K),Fair Price,High,Old,51.813707002330545
7.75223,0.0,18.1,0,0.713,6.301,83.7,2.7831,24,666,20.2,16.23,14.9,15.170831610412797,-0.270831610412797,-1.8176618148509867,Budget (<$15K),Fair Price,High,Old,52.01528083832987
6.80117,0.0,18.1,0,0.713,6.081,84.4,2.7175,24,666,20.2,14.7,20.0,16.923530798660703,3.0764692013392967,15.382346006696485,Mid-Range ($15-25K),Underpriced,High,Old,52.442868242066965
4.81213,0.0,18.1,0,0.713,6.701,90.0,2.5975,24,666,20.2,16.42,16.4,14.634761328634545,1.765238671365454,10.763650435155208,Mid-Range ($15-25K),Fair Price,Medium,Old,53.33712144326269
3.69311,0.0,18.1,0,0.713,6.376,88.4,2.5671,24,666,20.2,14.65,17.7,17.62084380338311,0.07915619661688922,0.44721015037790524,Mid-Range ($15-25K),Fair Price,Medium,Old,53.8402220431511
6.65492,0.0,18.1,0,0.713,6.317,83.0,2.7344,24,666,20.2,13.99,19.5,19.422831131454746,0.07716886854525384,0.3957377874115582,Mid-Range ($15-25K),Fair Price,High,Old,52.50862083159501
5.82115,0.0,18.1,0,0.713,6.513,89.9,2.8016,24,666,20.2,10.29,20.2,19.472573074924483,0.7274269250755161,3.601123391462951,Mid-Range ($15-25K),Fair Price,High,Old,52.88347578250649
7.83932,0.0,18.1,0,0.655,6.209,65.4,2.9634,24,666,20.2,13.22,21.4,20.346090410324795,1.0539095896752038,4.92481116670656,Mid-Range ($15-25K),Fair Price,High,Medium,55.55637292782808
3.1636,0.0,18.1,0,0.655,5.759,48.2,3.0665,24,666,20.2,14.13,19.9,20.326020220133795,-0.4260202201337968,-2.1408051263004864,Mid-Range ($15-25K),Fair Price,Medium,Medium,57.65853154600313
3.77498,0.0,18.1,0,0.655,5.952,84.7,2.8715,24,666,20.2,17.15,19.0,16.940177589148398,2.059822410851602,10.841170583429486,Mid-Range ($15-25K),Fair Price,Medium,Old,57.38366099430631
4.42228,0.0,18.1,0,0.584,6.003,94.5,2.5403,24,666,20.2,21.32,19.1,14.05185058239469,5.048149417605311,26.430101662855026,Mid-Range ($15-25K),Underpriced,Medium,Old,61.47535720641376
15.5757,0.0,18.1,0,0.58,5.926,71.0,2.9084,24,666,20.2,18.13,19.1,17.673695188396692,1.426304811603309,7.467564458656067,Mid-Range ($15-25K),Fair Price,High,Old,56.70780072106095
13.0751,0.0,18.1,0,0.58,5.713,56.7,2.8237,24,666,20.2,14.76,20.1,18.011067417896573,2.0889325821034284,10.392699413449892,Mid-Range ($15-25K),Fair Price,High,Medium,57.83204636464279
4.34879,0.0,18.1,0,0.58,6.167,84.0,3.0334,24,666,20.2,16.29,19.9,16.94277672111296,2.9572232788870387,14.860418486869541,Mid-Range ($15-25K),Fair Price,Medium,Old,61.755311181904545
4.03841,0.0,18.1,0,0.532,6.229,90.7,3.0993,24,666,20.2,12.87,19.6,20.285406233202206,-0.6854062332022046,-3.496970577562268,Mid-Range ($15-25K),Fair Price,Medium,Old,64.85781799948437
3.56868,0.0,18.1,0,0.58,6.437,75.0,2.8965,24,666,20.2,14.36,23.2,19.787704239902766,3.4122957600972335,14.708171379729453,Mid-Range ($15-25K),Underpriced,Medium,Old,62.10604111432662
4.64689,0.0,18.1,0,0.614,6.98,67.6,2.5329,24,666,20.2,11.66,29.8,25.13225148701702,4.667748512982982,15.663585614036851,Premium ($25-35K),Underpriced,Medium,Medium,59.52252286475749
8.05579,0.0,18.1,0,0.584,5.427,95.4,2.4298,24,666,20.2,18.14,13.8,15.361491887691303,-1.561491887691302,-11.31515860645871,Budget (<$15K),Fair Price,High,Old,59.841766152902174
6.39312,0.0,18.1,0,0.584,6.162,97.4,2.206,24,666,20.2,24.1,13.3,13.586881606161812,-0.2868816061618116,-2.157004557607606,Budget (<$15K),Fair Price,High,Old,60.58928654969264
4.87141,0.0,18.1,0,0.614,6.484,93.6,2.3053,24,666,20.2,18.68,16.7,16.84029180429934,-0.1402918042993413,-0.8400706844271935,Mid-Range ($15-25K),Fair Price,Medium,Old,59.4215808380851
15.0234,0.0,18.1,0,0.614,5.304,97.3,2.1007,24,666,20.2,24.91,12.0,12.767020328736525,-0.7670203287365247,-6.391836072804373,Budget (<$15K),Fair Price,High,Old,54.85734404244145
10.233,0.0,18.1,0,0.614,6.185,96.7,2.1705,24,666,20.2,18.03,14.6,15.892861002180457,-1.292861002180457,-8.85521234370176,Budget (<$15K),Fair Price,High,Old,57.01106168261361
14.3337,0.0,18.1,0,0.614,6.229,88.0,1.9512,24,666,20.2,13.11,21.4,19.924844183154406,1.475155816845593,6.893251480586883,Mid-Range ($15-25K),Fair Price,High,Old,55.167426510800404
5.82401,0.0,18.1,0,0.532,6.242,64.7,3.4242,24,666,20.2,10.74,23.0,20.759558344104356,2.240441655895644,9.741050677807149,Mid-Range ($15-25K),Fair Price,High,Medium,64.05502946026189
5.70818,0.0,18.1,0,0.532,6.75,74.9,3.3317,24,666,20.2,7.74,23.7,23.925837159362676,-0.22583715936267623,-0.9528994065935705,Mid-Range ($15-25K),Fair Price,High,Old,64.1071055111681
5.73116,0.0,18.1,0,0.532,7.061,77.0,3.4106,24,666,20.2,7.01,25.0,28.013139951093244,-3.013139951093244,-12.052559804372976,Mid-Range ($15-25K),Overpriced,High,Old,64.09677392479303
2.81838,0.0,18.1,0,0.532,5.762,40.3,4.0983,24,666,20.2,10.42,21.8,20.93593191466969,0.8640680853303095,3.963615070322521,Mid-Range ($15-25K),Fair Price,Medium,Medium,65.40633172120683
2.37857,0.0,18.1,0,0.583,5.871,41.9,3.724,24,666,20.2,13.34,20.6,20.112388988180903,0.48761101181909794,2.3670437466946503,Mid-Range ($15-25K),Fair Price,Medium,Medium,62.45591790741993
3.67367,0.0,18.1,0,0.583,6.312,51.9,3.9917,24,666,20.2,10.58,21.2,20.38213706047976,0.8178629395202393,3.857844054340751,Mid-Range ($15-25K),Fair Price,Medium,Medium,61.87365343769152
5.69175,0.0,18.1,0,0.583,6.114,79.8,3.5459,24,666,20.2,14.98,19.1,17.475113948707534,1.6248860512924672,8.507256813049565,Mid-Range ($15-25K),Fair Price,High,Old,60.966344132564885
4.83567,0.0,18.1,0,0.583,5.905,53.2,3.1523,24,666,20.2,11.45,20.6,19.815613426354723,0.7843865736452784,3.807701813812031,Mid-Range ($15-25K),Fair Price,Medium,Medium,61.35122944431309
0.15086,0.0,27.74,0,0.609,5.454,92.7,1.8209,4,711,20.1,18.06,15.2,15.875452785071671,-0.6754527850716716,-4.443768322839945,Mid-Range ($15-25K),Fair Price,Low,Old,62.17168550338715
0.18337,0.0,27.74,0,0.609,5.414,98.3,1.7554,4,711,20.1,23.97,7.0,12.68786544497109,-5.68786544497109,-81.25522064244414,Budget (<$15K),Overpriced,Low,Old,62.157069320921806
0.20746,0.0,27.74,0,0.609,5.093,98.0,1.8226,4,711,20.1,29.68,8.1,10.279851409955718,-2.1798514099557185,-26.91174580192245,Budget (<$15K),Fair Price,Low,Old,62.146238689251845
0.10574,0.0,27.74,0,0.609,5.983,98.8,1.8681,4,711,20.1,18.07,13.6,16.082187475364254,-2.4821874753642543,-18.251378495325397,Budget (<$15K),Fair Price,Low,Old,62.19197102023847
0.11132,0.0,27.74,0,0.609,5.983,83.5,2.1099,4,711,20.1,13.35,20.1,19.180474156099883,0.9195258439001179,4.574755442289144,Mid-Range ($15-25K),Fair Price,Low,Old,62.1894623060534
0.17331,0.0,9.69,0,0.585,5.707,54.0,2.3817,6,391,19.2,12.01,21.8,20.70467917973229,1.095320820267709,5.024407432420682,Mid-Range ($15-25K),Fair Price,Low,Medium,66.51541410691404
0.27957,0.0,9.69,0,0.585,5.926,42.6,2.3817,6,391,19.2,13.59,24.5,21.959613684105857,2.5403863158941427,10.36892373834344,Mid-Range ($15-25K),Fair Price,Low,Medium,66.46764063571233
0.17899,0.0,9.69,0,0.585,5.67,28.8,2.7986,6,391,19.2,17.6,23.1,21.486905483142415,1.6130945168575863,6.983093146569637,Mid-Range ($15-25K),Fair Price,Low,New,66.51286043369339
0.2896,0.0,9.69,0,0.585,5.39,72.9,2.7986,6,391,19.2,21.14,19.7,16.819458998078503,2.8805410019214968,14.622035542748716,Mid-Range ($15-25K),Fair Price,Low,Old,66.46313124444418
0.26838,0.0,9.69,0,0.585,5.794,70.6,2.8927,6,391,19.2,14.1,18.3,20.515868604602655,-2.2158686046026546,-12.108571609850571,Mid-Range ($15-25K),Fair Price,Low,Old,66.47267155179314
0.23912,0.0,9.69,0,0.585,6.019,65.3,2.4091,6,391,19.2,12.92,21.2,20.831726599748205,0.36827340025179467,1.7371386804329938,Mid-Range ($15-25K),Fair Price,Low,Medium,66.48582656560231
0.17783,0.0,9.69,0,0.585,5.569,73.5,2.3999,6,391,19.2,15.1,17.5,18.64384957432178,-1.1438495743217807,-6.536283281838746,Mid-Range ($15-25K),Fair Price,Low,Old,66.51338195850606
0.22438,0.0,9.69,0,0.585,6.027,79.7,2.4982,6,391,19.2,14.33,16.8,20.357574488846055,-3.557574488846054,-21.176038624083652,Mid-Range ($15-25K),Overpriced,Low,Old,66.49245352744603
0.06263,0.0,11.93,0,0.573,6.593,69.1,2.4786,1,273,21.0,9.67,22.4,20.88869605623383,1.511303943766169,6.74689260609897,Mid-Range ($15-25K),Fair Price,Low,Medium,61.56123465716505
0.04527,0.0,11.93,0,0.573,6.12,76.7,2.2875,1,273,21.0,9.08,20.6,19.243133735463285,1.3568662645367162,6.5867294394986216,Mid-Range ($15-25K),Fair Price,Low,Old,61.56903954574083
0.06076,0.0,11.93,0,0.573,6.976,91.0,2.1675,1,273,21.0,5.64,23.9,24.391821806737475,-0.49182180673747666,-2.057831827353459,Mid-Range ($15-25K),Fair Price,Low,Old,61.5620753911303
0.10959,0.0,11.93,0,0.573,6.794,89.3,2.3889,1,273,21.0,6.48,22.0,23.873115959148127,-1.8731159591481266,-8.514163450673303,Mid-Range ($15-25K),Fair Price,Low,Old,61.540121894059155
0.04741,0.0,11.93,0,0.573,6.03,80.8,2.505,1,273,21.0,7.88,11.9,13.83831932412012,-1.938319324120119,-16.288397681681673,Budget (<$15K),Fair Price,Low,Old,61.56807742237953
